voce,ampiezza,trovato,da
superminimo,10.0,True,"C04,C06,C10"
netto,0.005,False,
netto,0.02,True,C06
irpef,10.0,True,"C06,C08"
scatti,100.0,True,"C02,C04,C06"
quota_tfr,0.005,False,
quota_tfr,100.0,True,C04
straordinari,0.005,False,
irpef,0.02,True,"C06,C08"
netto,0.02,True,C06
contributi_inps,0.005,False,
tabellare,100.0,True,"C01,C04,C06"
ferie_residuo,100.0,True,C05
altre_trattenute,100.0,True,C06
lordo,0.02,True,C06
scatti,100.0,True,"C02,C04,C06"
altre_trattenute,1.0,True,C06
quota_tfr,0.005,False,
irpef,0.02,True,"C06,C08"
altre_trattenute,10.0,True,C06
netto,100.0,True,C06
contributi_inps,100.0,True,"C03,C06,C08"
scatti,0.005,False,
ferie_residuo,0.005,False,
ferie_residuo,100.0,True,C05
irpef,1.0,True,"C06,C08"
contributi_inps,0.02,True,"C03,C06,C08"
tabellare,0.02,True,"C01,C06"
straordinari,10.0,True,C06
scatti,0.02,True,"C02,C06"
netto,1.0,True,C06
netto,1.0,True,C06
ferie_residuo,10.0,True,C05
scatti,0.02,True,"C02,C06"
ferie_residuo,0.02,True,C05
quota_tfr,0.02,True,C04
tabellare,0.02,True,"C01,C06"
contributi_inps,100.0,True,"C03,C06,C08"
netto,100.0,True,C06
ferie_residuo,100.0,True,C05
irpef,10.0,True,"C06,C08"
ferie_residuo,10.0,True,C05
scatti,0.02,True,"C02,C06"
scatti,1.0,True,"C02,C04,C06"
tabellare,100.0,True,"C01,C04,C06"
scatti,1.0,True,"C02,C04,C06"
straordinari,100.0,True,C06
ferie_residuo,1.0,True,C05
altre_trattenute,0.005,False,
altre_trattenute,10.0,True,C06
scatti,0.02,True,"C02,C06"
lordo,10.0,True,"C03,C06"
tabellare,0.02,True,"C01,C06"
netto,0.005,False,
lordo,100.0,True,"C03,C06"
contributi_inps,0.02,True,"C03,C06,C08"
quota_tfr,0.02,True,C04
straordinari,0.02,True,C06
tabellare,0.005,False,
lordo,0.02,True,C06
contributi_inps,1.0,True,"C03,C06,C08"
scatti,0.02,True,"C02,C06"
contributi_inps,0.02,True,"C03,C06,C08"
altre_trattenute,1.0,True,C06
irpef,0.02,True,"C06,C08"
irpef,1.0,True,"C06,C08"
altre_trattenute,10.0,True,C06
superminimo,0.02,True,"C06,C10"
quota_tfr,10.0,True,C04
ferie_residuo,1.0,True,C05
netto,0.02,True,C06
ferie_residuo,0.005,False,
straordinari,0.02,True,C06
straordinari,1.0,True,C06
lordo,100.0,True,"C03,C06"
tabellare,1.0,True,"C01,C04,C06"
irpef,100.0,True,"C06,C08"
superminimo,100.0,True,"C04,C06,C10"
superminimo,100.0,True,"C04,C06,C10"
superminimo,0.02,True,"C06,C10"
netto,0.005,False,
netto,100.0,True,C06
netto,0.005,False,
lordo,0.005,False,
altre_trattenute,100.0,True,C06
altre_trattenute,1.0,True,C06
altre_trattenute,100.0,True,C06
straordinari,100.0,True,C06
straordinari,10.0,True,C06
scatti,10.0,True,"C02,C04,C06"
scatti,0.02,True,"C02,C06"
straordinari,1.0,True,C06
ferie_residuo,1.0,True,C05
superminimo,10.0,True,"C04,C06,C10"
irpef,10.0,True,"C06,C08"
superminimo,10.0,True,"C04,C06,C10"
irpef,0.02,True,"C06,C08"
scatti,1.0,True,"C02,C04,C06"
netto,10.0,True,C06
irpef,1.0,True,"C06,C08"
scatti,0.005,False,
scatti,1.0,True,"C02,C04,C06"
superminimo,1.0,True,"C04,C06,C10"
ferie_residuo,1.0,True,C05
netto,100.0,True,C06
scatti,1.0,True,"C02,C04,C06"
irpef,0.005,False,
ferie_residuo,0.005,False,
quota_tfr,0.02,True,C04
scatti,10.0,True,"C02,C04,C06"
netto,10.0,True,C06
tabellare,100.0,True,"C01,C04,C06"
superminimo,1.0,True,"C04,C06"
straordinari,1.0,True,C06
straordinari,1.0,True,C06
ferie_residuo,0.02,True,C05
tabellare,1.0,True,"C01,C04,C06"
tabellare,100.0,True,"C01,C04,C06"
altre_trattenute,0.02,True,C06
ferie_residuo,10.0,True,C05
irpef,100.0,True,"C06,C08"
straordinari,1.0,True,C06
irpef,1.0,True,"C06,C08"
tabellare,0.005,True,C06
superminimo,0.005,False,
netto,1.0,True,C06
tabellare,10.0,True,"C01,C04,C06"
lordo,10.0,True,"C03,C06"
contributi_inps,1.0,True,"C03,C06,C08"
tabellare,1.0,True,"C01,C04,C06"
superminimo,0.005,False,
scatti,10.0,True,"C02,C04,C06"
ferie_residuo,0.02,True,C05
tabellare,0.005,False,
superminimo,10.0,True,"C04,C06,C10"
tabellare,1.0,True,"C01,C04,C06"
scatti,100.0,True,"C02,C04,C06"
contributi_inps,10.0,True,"C03,C06,C08"
quota_tfr,0.02,True,C04
ferie_residuo,10.0,True,C05
netto,100.0,True,C06
scatti,0.005,False,
ferie_residuo,1.0,True,C05
altre_trattenute,100.0,True,C06
ferie_residuo,100.0,True,C05
lordo,0.005,False,
netto,100.0,True,C06
scatti,10.0,True,"C02,C04,C06"
lordo,0.02,True,C06
ferie_residuo,10.0,True,C05
scatti,10.0,True,"C02,C04,C06"
quota_tfr,0.02,True,C04
contributi_inps,1.0,True,"C03,C06,C08"
superminimo,0.005,False,
altre_trattenute,1.0,True,C06
ferie_residuo,10.0,True,C05
lordo,10.0,True,"C03,C06"
scatti,100.0,True,"C02,C04,C06"
scatti,10.0,True,"C02,C04,C06"
altre_trattenute,0.005,False,
irpef,0.02,True,"C06,C08"
quota_tfr,0.005,False,
lordo,1.0,True,"C03,C06"
lordo,0.005,False,
altre_trattenute,10.0,True,C06
superminimo,0.005,False,
irpef,1.0,True,"C06,C08"
contributi_inps,10.0,True,"C03,C06,C08"
contributi_inps,0.005,True,C08
irpef,0.005,True,C06
lordo,1.0,True,"C03,C06"
irpef,10.0,True,"C06,C08"
irpef,1.0,True,"C06,C08"
scatti,0.005,False,
straordinari,1.0,True,C06
contributi_inps,0.02,True,"C03,C06,C08"
tabellare,10.0,True,"C01,C04,C06"
tabellare,10.0,True,"C01,C04,C06"
ferie_residuo,1.0,True,C05
netto,0.02,True,C06
irpef,1.0,True,"C06,C08"
lordo,1.0,True,"C03,C06"
lordo,10.0,True,"C03,C06"
superminimo,0.02,True,"C06,C10"
netto,10.0,True,C06
contributi_inps,10.0,True,"C03,C06,C08"
netto,0.02,True,C06
superminimo,1.0,True,"C04,C06,C10"
straordinari,1.0,True,C06
straordinari,0.005,False,
irpef,100.0,True,"C06,C08"
lordo,1.0,True,"C03,C06"
lordo,100.0,True,"C03,C06"
ferie_residuo,100.0,True,C05
lordo,0.02,True,C06
ferie_residuo,10.0,True,C05
tabellare,0.02,True,"C01,C06"
altre_trattenute,100.0,True,C06
scatti,10.0,True,"C02,C04,C06"
straordinari,0.005,False,
superminimo,100.0,True,"C04,C06,C10"
scatti,100.0,True,"C02,C04,C06"
superminimo,0.02,True,"C06,C10"
superminimo,1.0,True,"C04,C06,C10"
scatti,0.005,True,C06
quota_tfr,0.02,True,C04
straordinari,100.0,True,C06
netto,1.0,True,C06
contributi_inps,0.02,True,"C03,C06,C08"
straordinari,100.0,True,C06
irpef,1.0,True,"C06,C08"
straordinari,10.0,True,C06
lordo,0.02,True,C06
straordinari,10.0,True,C06
irpef,1.0,True,"C06,C08"
tabellare,1.0,True,"C01,C04,C06"
altre_trattenute,0.02,True,C06
straordinari,10.0,True,C06
lordo,0.005,False,
straordinari,10.0,True,C06
quota_tfr,0.02,True,C04
straordinari,0.005,False,
tabellare,0.005,False,
altre_trattenute,1.0,True,C06
superminimo,1.0,True,"C04,C06,C10"
ferie_residuo,100.0,True,C05
lordo,10.0,True,"C03,C06"
altre_trattenute,0.02,True,C06
scatti,1.0,True,"C02,C04,C06"
irpef,0.005,False,
contributi_inps,1.0,True,"C03,C06,C08"
tabellare,10.0,True,"C01,C04,C06"
netto,10.0,True,C06
contributi_inps,10.0,True,"C03,C06,C08"
straordinari,10.0,True,C06
tabellare,10.0,True,"C01,C04,C06"
lordo,0.02,True,C06
contributi_inps,1.0,True,"C03,C06,C08"
lordo,1.0,True,"C03,C06"
tabellare,100.0,True,"C01,C04,C06"
straordinari,0.005,False,
irpef,1.0,True,"C06,C08"
superminimo,10.0,True,"C04,C06,C10"
lordo,0.02,True,C06
contributi_inps,10.0,True,"C03,C06,C08"
netto,0.02,True,C06
straordinari,10.0,True,C06
altre_trattenute,100.0,True,C06
irpef,0.005,False,
quota_tfr,0.005,False,
irpef,10.0,True,"C06,C08"
straordinari,0.02,True,C06
quota_tfr,0.02,True,C04
lordo,1.0,True,"C03,C06"
lordo,1.0,True,"C03,C06"
straordinari,0.02,True,C06
superminimo,1.0,True,"C04,C06,C10"
scatti,10.0,True,"C02,C04,C06"
netto,100.0,True,C06
ferie_residuo,10.0,True,C05
tabellare,10.0,True,"C01,C04,C06"
contributi_inps,0.005,True,C08
scatti,0.005,False,
scatti,1.0,True,"C02,C04,C06"
quota_tfr,1.0,True,C04
ferie_residuo,100.0,True,C05
tabellare,1.0,True,"C01,C04,C06"
tabellare,0.02,True,"C01,C06"
quota_tfr,0.02,True,C04
irpef,1.0,True,"C06,C08"
scatti,0.02,True,"C02,C06"
netto,10.0,True,C06
scatti,10.0,True,"C02,C04,C06"
scatti,0.02,True,"C02,C06"
irpef,1.0,True,"C06,C08"
tabellare,1.0,True,"C01,C04,C06"
irpef,0.005,False,
irpef,10.0,True,"C06,C08"
irpef,0.02,True,"C06,C08"
scatti,10.0,True,"C02,C04,C06"
superminimo,0.02,True,C06
netto,0.02,True,C06
quota_tfr,100.0,True,C04
superminimo,0.02,True,"C06,C10"
superminimo,100.0,True,"C04,C06,C10"
scatti,10.0,True,"C02,C04,C06"
lordo,0.02,True,C06
contributi_inps,0.005,True,C08
quota_tfr,0.02,True,C04
quota_tfr,0.02,True,C04
quota_tfr,0.02,True,C04
netto,0.02,True,C06
scatti,0.02,True,"C02,C06"
tabellare,100.0,True,"C01,C04,C06"
scatti,10.0,True,"C02,C04,C06"
ferie_residuo,1.0,True,C05
quota_tfr,0.02,True,C04
ferie_residuo,1.0,True,C05
altre_trattenute,0.02,True,C06
quota_tfr,10.0,True,C04
altre_trattenute,100.0,True,C06
altre_trattenute,10.0,True,C06
superminimo,1.0,True,"C04,C06,C10"
scatti,10.0,True,"C02,C04,C06"
ferie_residuo,0.02,True,C05
netto,0.005,False,
irpef,0.02,True,"C06,C08"
quota_tfr,0.005,False,
altre_trattenute,1.0,True,C06
scatti,1.0,True,"C02,C04,C06"
contributi_inps,100.0,True,"C03,C06,C08"
superminimo,1.0,True,"C04,C06"
quota_tfr,1.0,True,C04
contributi_inps,0.005,False,
irpef,0.02,True,"C06,C08"
irpef,0.02,True,"C06,C08"
netto,0.005,False,
netto,100.0,True,C06
netto,10.0,True,C06
irpef,1.0,True,"C06,C08"
contributi_inps,0.005,True,C08
superminimo,100.0,True,"C04,C06,C10"
netto,1.0,True,C06
tabellare,0.005,False,
lordo,100.0,True,"C03,C06"
netto,1.0,True,C06
altre_trattenute,0.02,True,C06
tabellare,0.005,False,
scatti,100.0,True,"C02,C04,C06"
straordinari,10.0,True,C06
straordinari,1.0,True,C06
superminimo,0.005,False,
altre_trattenute,0.005,False,
ferie_residuo,1.0,True,C05
tabellare,0.005,False,
quota_tfr,100.0,True,C04
superminimo,0.005,False,
netto,0.005,False,
straordinari,0.02,True,C06
tabellare,100.0,True,"C01,C04,C06"
irpef,0.02,True,"C06,C08"
netto,1.0,True,C06
ferie_residuo,0.005,False,
tabellare,10.0,True,"C01,C04,C06"
scatti,10.0,True,"C02,C04,C06"
scatti,1.0,True,"C02,C04,C06"
scatti,1.0,True,"C02,C04,C06"
lordo,100.0,True,"C03,C06"
lordo,1.0,True,"C03,C06"
netto,0.005,False,
straordinari,0.02,True,C06
straordinari,10.0,True,C06
irpef,100.0,True,"C06,C08"
netto,0.005,False,
straordinari,100.0,True,C06
irpef,100.0,True,"C06,C08"
superminimo,0.02,True,C06
scatti,0.005,False,
superminimo,0.005,False,
superminimo,0.005,False,
scatti,100.0,True,"C02,C04,C06"
netto,0.005,False,
straordinari,0.02,True,C06
tabellare,0.005,False,
altre_trattenute,0.005,False,
ferie_residuo,0.02,True,C05
contributi_inps,10.0,True,"C03,C06,C08"
contributi_inps,1.0,True,"C03,C06,C08"
contributi_inps,1.0,True,"C03,C06,C08"
quota_tfr,0.005,False,
irpef,100.0,True,"C06,C08"
altre_trattenute,0.005,False,
quota_tfr,1.0,True,C04
tabellare,100.0,True,"C01,C04,C06"
tabellare,0.005,True,C06
scatti,10.0,True,"C02,C04,C06"
quota_tfr,1.0,True,C04
lordo,0.02,True,C06
superminimo,0.005,False,
netto,0.005,False,
scatti,10.0,True,"C02,C04,C06"
irpef,0.005,False,
lordo,1.0,True,"C03,C06"
netto,0.02,True,C06
altre_trattenute,0.02,True,C06
quota_tfr,1.0,True,C04
ferie_residuo,100.0,True,C05
altre_trattenute,10.0,True,C06
superminimo,1.0,True,"C04,C06,C10"
netto,0.02,True,C06
quota_tfr,0.02,True,C04
contributi_inps,100.0,True,"C03,C06,C08"
straordinari,1.0,True,C06
scatti,0.02,True,"C02,C06"
irpef,0.02,True,"C06,C08"
lordo,10.0,True,"C03,C06"
scatti,0.005,False,
irpef,10.0,True,"C06,C08"
irpef,10.0,True,"C06,C08"
ferie_residuo,1.0,True,C05
superminimo,1.0,True,"C04,C06,C10"
straordinari,10.0,True,C06
ferie_residuo,100.0,True,C05
ferie_residuo,0.005,False,
contributi_inps,1.0,True,"C03,C06,C08"
straordinari,10.0,True,C06
irpef,10.0,True,"C06,C08"
quota_tfr,10.0,True,C04
tabellare,10.0,True,"C01,C04,C06"
tabellare,1.0,True,"C01,C04,C06"
straordinari,100.0,True,C06
quota_tfr,10.0,True,C04
netto,0.005,False,
contributi_inps,10.0,True,"C03,C06,C08"
ferie_residuo,0.02,True,C05
scatti,100.0,True,"C02,C04,C06"
lordo,1.0,True,"C03,C06"
tabellare,0.005,False,
irpef,1.0,True,"C06,C08"
straordinari,1.0,True,C06
straordinari,10.0,True,C06
superminimo,0.02,True,"C06,C10"
altre_trattenute,100.0,True,C06
contributi_inps,10.0,True,"C03,C06,C08"
netto,0.02,True,C06
straordinari,1.0,True,C06
irpef,0.02,True,"C06,C08"
lordo,1.0,True,"C03,C06"
contributi_inps,10.0,True,"C03,C06,C08"
quota_tfr,0.005,False,
lordo,10.0,True,"C03,C06"
quota_tfr,1.0,True,C04
contributi_inps,100.0,True,"C03,C06,C08"
straordinari,0.005,True,C06
quota_tfr,0.005,False,
superminimo,10.0,True,"C04,C06,C10"
straordinari,10.0,True,C06
ferie_residuo,100.0,True,C05
altre_trattenute,0.02,True,C06
ferie_residuo,0.005,False,
irpef,0.02,True,"C06,C08"
altre_trattenute,100.0,True,C06
altre_trattenute,0.02,True,C06
altre_trattenute,0.02,True,C06
contributi_inps,10.0,True,"C03,C06,C08"
altre_trattenute,1.0,True,C06
ferie_residuo,0.005,False,
ferie_residuo,0.005,False,
ferie_residuo,1.0,True,C05
altre_trattenute,10.0,True,C06
straordinari,10.0,True,C06
scatti,1.0,True,"C02,C04,C06"
netto,100.0,True,C06
irpef,1.0,True,"C06,C08"
netto,0.005,False,
contributi_inps,10.0,True,"C03,C06,C08"
netto,1.0,True,C06
ferie_residuo,10.0,True,C05
straordinari,1.0,True,C06
quota_tfr,0.005,False,
netto,10.0,True,C06
lordo,0.005,False,
straordinari,10.0,True,C06
netto,100.0,True,C06
ferie_residuo,100.0,True,C05
tabellare,10.0,True,"C01,C04,C06"
ferie_residuo,0.02,True,C05
scatti,0.005,False,
lordo,100.0,True,"C03,C06"
superminimo,10.0,True,"C04,C06,C10"
tabellare,10.0,True,"C01,C04,C06"
quota_tfr,100.0,True,C04
irpef,100.0,True,"C06,C08"
scatti,0.005,False,
altre_trattenute,10.0,True,C06
ferie_residuo,10.0,True,C05
ferie_residuo,0.005,False,
tabellare,0.005,False,
scatti,0.02,True,"C02,C06"
lordo,100.0,True,"C03,C06"
superminimo,0.005,False,
scatti,1.0,True,"C02,C04,C06"
ferie_residuo,1.0,True,C05
tabellare,0.005,False,
irpef,1.0,True,"C06,C08"
altre_trattenute,100.0,True,C06
contributi_inps,100.0,True,"C03,C06,C08"
ferie_residuo,0.02,True,C05
contributi_inps,0.02,True,"C03,C06,C08"
irpef,10.0,True,"C06,C08"
contributi_inps,1.0,True,"C03,C06,C08"
quota_tfr,100.0,True,C04
superminimo,100.0,True,"C04,C06"
straordinari,10.0,True,C06
quota_tfr,0.02,True,C04
tabellare,1.0,True,"C01,C04,C06"
irpef,0.02,True,"C06,C08"
superminimo,100.0,True,"C04,C06,C10"
netto,10.0,True,C06
scatti,100.0,True,"C02,C04,C06"
straordinari,0.02,True,C06
ferie_residuo,10.0,True,C05
lordo,100.0,True,"C03,C06"
altre_trattenute,100.0,True,C06
contributi_inps,0.005,True,C06
quota_tfr,100.0,True,C04
contributi_inps,10.0,True,"C03,C06,C08"
straordinari,0.02,True,C06
lordo,1.0,True,"C03,C06"
netto,0.02,True,C06
altre_trattenute,1.0,True,C06
ferie_residuo,10.0,True,C05
contributi_inps,100.0,True,"C03,C06,C08"
lordo,100.0,True,"C03,C06"
tabellare,0.02,True,"C01,C06"
straordinari,1.0,True,C06
scatti,10.0,True,"C02,C04,C06"
tabellare,1.0,True,"C01,C04,C06"
irpef,0.005,False,
tabellare,100.0,True,"C01,C04,C06"
altre_trattenute,0.005,False,
scatti,1.0,True,"C02,C04,C06"
straordinari,0.005,False,
altre_trattenute,0.02,True,C06
straordinari,0.02,True,C06
contributi_inps,0.005,False,
lordo,100.0,True,"C03,C06"
scatti,0.02,True,"C02,C06"
straordinari,1.0,True,C06
altre_trattenute,1.0,True,C06
irpef,0.005,False,
irpef,0.02,True,"C06,C08"
superminimo,0.005,True,C06
tabellare,0.02,True,"C01,C06"
quota_tfr,1.0,True,C04
scatti,10.0,True,"C02,C04,C06"
altre_trattenute,1.0,True,C06
altre_trattenute,0.005,False,
contributi_inps,0.02,True,"C03,C06,C08"
altre_trattenute,100.0,True,C06
superminimo,1.0,True,"C04,C06,C10"
straordinari,0.02,True,C06
quota_tfr,1.0,True,C04
lordo,10.0,True,"C03,C06"
altre_trattenute,10.0,True,C06
netto,0.005,False,
altre_trattenute,1.0,True,C06
straordinari,1.0,True,C06
straordinari,0.02,True,C06
lordo,10.0,True,"C03,C06"
lordo,0.02,True,C06
netto,1.0,True,C06
tabellare,100.0,True,"C01,C04,C06"
contributi_inps,10.0,True,"C03,C06,C08"
straordinari,1.0,True,C06
superminimo,100.0,True,"C04,C06,C10"
straordinari,100.0,True,C06
quota_tfr,10.0,True,C04
straordinari,0.02,True,C06
straordinari,0.005,False,
irpef,0.005,False,
lordo,10.0,True,"C03,C06"
irpef,10.0,True,"C06,C08"
straordinari,0.02,True,C06
superminimo,1.0,True,"C04,C06,C10"
netto,10.0,True,C06
contributi_inps,0.02,True,"C03,C06,C08"
quota_tfr,0.005,False,
altre_trattenute,10.0,True,C06
netto,0.02,True,C06
scatti,0.02,True,"C02,C06"
scatti,1.0,True,"C02,C04,C06"
tabellare,0.005,False,
lordo,0.005,False,
straordinari,10.0,True,C06
scatti,0.02,True,"C02,C06"
scatti,10.0,True,"C02,C04,C06"
lordo,0.005,True,C03
irpef,0.02,True,"C06,C08"
superminimo,100.0,True,"C04,C06,C10"
superminimo,0.005,False,
quota_tfr,100.0,True,C04
tabellare,1.0,True,"C01,C04,C06"
straordinari,1.0,True,C06
contributi_inps,10.0,True,"C03,C06,C08"
netto,0.02,True,C06
irpef,0.005,False,
netto,0.02,True,C06
irpef,0.02,True,"C06,C08"
superminimo,10.0,True,"C04,C06,C10"
ferie_residuo,0.005,False,
ferie_residuo,100.0,True,C05
ferie_residuo,100.0,True,C05
lordo,0.005,False,
straordinari,0.005,False,
lordo,1.0,True,"C03,C06"
tabellare,100.0,True,"C01,C04,C06"
altre_trattenute,100.0,True,C06
scatti,100.0,True,"C02,C04,C06"
irpef,100.0,True,"C06,C08"
straordinari,0.005,False,
quota_tfr,100.0,True,C04
straordinari,100.0,True,C06
netto,1.0,True,C06
lordo,0.005,False,
straordinari,0.02,True,C06
tabellare,1.0,True,"C01,C04,C06"
contributi_inps,100.0,True,"C03,C06,C08"
lordo,1.0,True,"C03,C06"
tabellare,0.005,False,
scatti,100.0,True,"C02,C04,C06"
ferie_residuo,0.005,False,
contributi_inps,0.005,False,
irpef,1.0,True,"C06,C08"
ferie_residuo,0.02,True,C05
scatti,10.0,True,"C02,C04,C06"
irpef,0.005,False,
netto,100.0,True,C06
irpef,100.0,True,"C06,C08"
lordo,100.0,True,"C03,C06"
altre_trattenute,10.0,True,C06
lordo,1.0,True,"C03,C06"
netto,100.0,True,C06
tabellare,10.0,True,"C01,C04,C06"
lordo,0.02,True,C06
irpef,100.0,True,"C06,C08"
scatti,1.0,True,"C02,C04,C06"
contributi_inps,0.02,True,"C03,C06,C08"
tabellare,0.005,True,C06
altre_trattenute,1.0,True,C06
quota_tfr,10.0,True,C04
altre_trattenute,1.0,True,C06
altre_trattenute,0.005,False,
straordinari,0.005,False,
netto,10.0,True,C06
irpef,10.0,True,"C06,C08"
quota_tfr,100.0,True,C04
scatti,0.02,True,"C02,C06"
contributi_inps,0.005,True,C08
superminimo,0.005,False,
netto,10.0,True,C06
lordo,100.0,True,"C03,C06"
straordinari,10.0,True,C06
ferie_residuo,100.0,True,C05
quota_tfr,0.005,False,
tabellare,1.0,True,"C01,C04,C06"
irpef,0.005,False,
straordinari,0.02,True,C06
quota_tfr,1.0,True,C04
irpef,100.0,True,"C06,C08"
superminimo,100.0,True,"C04,C06,C10"
scatti,0.005,False,
altre_trattenute,10.0,True,C06
ferie_residuo,0.005,False,
straordinari,1.0,True,C06
tabellare,1.0,True,"C01,C04,C06"
contributi_inps,0.02,True,"C03,C06,C08"
tabellare,0.005,False,
quota_tfr,0.005,False,
quota_tfr,0.02,True,C04
tabellare,0.02,True,"C01,C06"
tabellare,10.0,True,"C01,C04,C06"
quota_tfr,1.0,True,C04
straordinari,10.0,True,C06
lordo,10.0,True,"C03,C06"
straordinari,0.005,False,
contributi_inps,10.0,True,"C03,C06,C08"
lordo,10.0,True,"C03,C06"
contributi_inps,100.0,True,"C03,C06,C08"
irpef,0.005,False,
contributi_inps,100.0,True,"C03,C06,C08"
straordinari,10.0,True,C06
straordinari,10.0,True,C06
ferie_residuo,0.005,False,
straordinari,0.02,True,C06
lordo,100.0,True,"C03,C06"
altre_trattenute,10.0,True,C06
contributi_inps,1.0,True,"C03,C06,C08"
irpef,100.0,True,"C06,C08"
altre_trattenute,100.0,True,C06
altre_trattenute,0.02,True,C06
quota_tfr,1.0,True,C04
quota_tfr,100.0,True,C04
scatti,100.0,True,"C02,C04,C06"
lordo,10.0,True,"C03,C06"
superminimo,1.0,True,"C04,C06"
scatti,0.02,True,"C02,C06"
straordinari,0.005,False,
contributi_inps,100.0,True,"C03,C06,C08"
scatti,1.0,True,"C02,C04,C06"
lordo,0.02,True,C06
contributi_inps,10.0,True,"C03,C06,C08"
lordo,0.02,True,C06
ferie_residuo,1.0,True,C05
ferie_residuo,10.0,True,C05
contributi_inps,0.005,False,
scatti,1.0,True,"C02,C04,C06"
irpef,0.005,True,C06
straordinari,1.0,True,C06
tabellare,100.0,True,"C01,C04,C06"
quota_tfr,0.02,True,C04
lordo,10.0,True,"C03,C06"
scatti,1.0,True,"C02,C04,C06"
straordinari,0.005,False,
straordinari,1.0,True,C06
irpef,100.0,True,"C06,C08"
netto,0.005,False,
altre_trattenute,1.0,True,C06
tabellare,0.02,True,"C01,C06"
superminimo,10.0,True,"C04,C06,C10"
netto,1.0,True,C06
superminimo,0.02,True,"C06,C10"
tabellare,0.02,True,"C01,C06"
irpef,0.005,False,
superminimo,0.02,True,"C06,C10"
straordinari,0.02,True,C06
altre_trattenute,0.02,True,C06
superminimo,0.02,True,"C06,C10"
ferie_residuo,0.005,False,
ferie_residuo,0.02,True,C05
straordinari,0.005,True,C06
contributi_inps,10.0,True,"C03,C06,C08"
tabellare,1.0,True,"C01,C04,C06"
scatti,1.0,True,"C02,C04,C06"
superminimo,1.0,True,"C04,C06"
quota_tfr,1.0,True,C04
netto,0.005,False,
altre_trattenute,10.0,True,C06
quota_tfr,1.0,True,C04
irpef,10.0,True,"C06,C08"
contributi_inps,0.005,True,C08
ferie_residuo,1.0,True,C05
scatti,0.02,True,"C02,C06"
irpef,0.02,True,"C06,C08"
superminimo,100.0,True,"C04,C06,C10"
lordo,100.0,True,"C03,C06"
superminimo,1.0,True,"C04,C06,C10"
contributi_inps,0.02,True,"C03,C06,C08"
straordinari,0.005,False,
quota_tfr,10.0,True,C04
altre_trattenute,10.0,True,C06
lordo,100.0,True,"C03,C06"
straordinari,0.02,True,C06
ferie_residuo,10.0,True,C05
altre_trattenute,10.0,True,C06
contributi_inps,0.005,False,
irpef,0.02,True,"C06,C08"
ferie_residuo,0.005,False,
scatti,10.0,True,"C02,C04,C06"
superminimo,10.0,True,"C04,C06,C10"
altre_trattenute,100.0,True,C06
straordinari,10.0,True,C06
contributi_inps,100.0,True,"C03,C06,C08"
netto,0.02,True,C06
tabellare,1.0,True,"C01,C04,C06"
quota_tfr,10.0,True,C04
ferie_residuo,0.02,True,C05
netto,0.005,False,
ferie_residuo,10.0,True,C05
ferie_residuo,100.0,True,C05
quota_tfr,10.0,True,C04
straordinari,100.0,True,C06
lordo,0.005,False,
straordinari,100.0,True,C06
lordo,0.005,False,
ferie_residuo,1.0,True,C05
netto,10.0,True,C06
quota_tfr,0.005,False,
ferie_residuo,0.005,False,
netto,100.0,True,C06
scatti,10.0,True,"C02,C04,C06"
superminimo,0.02,True,"C06,C10"
superminimo,1.0,True,"C04,C06,C10"
straordinari,0.005,True,C06
tabellare,100.0,True,"C01,C04,C06"
lordo,0.005,False,
scatti,100.0,True,"C02,C04,C06"
scatti,1.0,True,"C02,C04,C06"
contributi_inps,0.005,True,C08
straordinari,1.0,True,C06
tabellare,100.0,True,"C01,C04,C06"
contributi_inps,100.0,True,"C03,C06,C08"
tabellare,0.02,True,"C01,C06"
straordinari,10.0,True,C06
scatti,0.005,False,
scatti,1.0,True,"C02,C04,C06"
netto,1.0,True,C06
quota_tfr,1.0,True,C04
tabellare,0.005,False,
altre_trattenute,100.0,True,C06
tabellare,0.005,False,
altre_trattenute,0.02,True,C06
straordinari,100.0,True,C06
contributi_inps,100.0,True,"C03,C06,C08"
superminimo,100.0,True,"C04,C06,C10"
superminimo,1.0,True,"C04,C06,C10"
quota_tfr,10.0,True,C04
contributi_inps,0.005,True,C08
contributi_inps,0.02,True,"C03,C06,C08"
altre_trattenute,100.0,True,C06
ferie_residuo,0.02,True,C05
lordo,0.005,False,
quota_tfr,100.0,True,C04
netto,0.005,False,
ferie_residuo,100.0,True,C05
lordo,0.02,True,C06
lordo,1.0,True,"C03,C06"
ferie_residuo,0.02,True,C05
irpef,1.0,True,"C06,C08"
ferie_residuo,1.0,True,C05
contributi_inps,0.02,True,"C03,C06,C08"
superminimo,0.02,True,"C06,C10"
ferie_residuo,10.0,True,C05
irpef,100.0,True,"C06,C08"
quota_tfr,0.005,False,
lordo,1.0,True,"C03,C06"
straordinari,100.0,True,C06
lordo,100.0,True,"C03,C06"
contributi_inps,10.0,True,"C03,C06,C08"
contributi_inps,0.02,True,"C03,C06,C08"
netto,0.005,False,
straordinari,0.005,False,
irpef,10.0,True,"C06,C08"
netto,0.005,False,
tabellare,0.02,True,"C01,C06"
scatti,100.0,True,"C02,C04,C06"
tabellare,0.02,True,"C01,C04,C06"
ferie_residuo,0.005,False,
straordinari,1.0,True,C06
ferie_residuo,10.0,True,C05
superminimo,0.005,False,
scatti,100.0,True,"C02,C04,C06"
quota_tfr,10.0,True,C04
tabellare,0.005,True,C06
ferie_residuo,1.0,True,C05
quota_tfr,1.0,True,C04
tabellare,0.02,True,"C01,C06"
netto,0.005,False,
irpef,1.0,True,"C06,C08"
straordinari,100.0,True,C06
tabellare,1.0,True,"C01,C04,C06"
lordo,1.0,True,"C03,C06"
lordo,0.005,False,
ferie_residuo,1.0,True,C05
irpef,0.005,False,
scatti,0.005,False,
superminimo,1.0,True,"C04,C06"
superminimo,0.02,True,"C06,C10"
straordinari,10.0,True,C06
ferie_residuo,1.0,True,C05
straordinari,1.0,True,C06
ferie_residuo,0.005,False,
ferie_residuo,1.0,True,C05
quota_tfr,10.0,True,C04
ferie_residuo,0.02,True,C05
tabellare,1.0,True,"C01,C04,C06"
straordinari,1.0,True,C06
irpef,1.0,True,"C06,C08"
straordinari,100.0,True,C06
lordo,0.02,True,C06
scatti,1.0,True,"C02,C04,C06"
straordinari,0.02,True,C06
straordinari,100.0,True,C06
contributi_inps,0.005,True,C08
irpef,0.02,True,"C06,C08"
scatti,0.02,True,"C02,C04,C06"
lordo,0.02,True,C06
superminimo,10.0,True,"C04,C06,C10"
irpef,1.0,True,"C06,C08"
tabellare,100.0,True,"C01,C04,C06"
ferie_residuo,0.005,False,
netto,100.0,True,C06
scatti,0.005,False,
scatti,0.005,False,
superminimo,100.0,True,"C04,C06,C10"
superminimo,0.02,True,"C06,C10"
netto,0.005,False,
scatti,1.0,True,"C02,C04,C06"
scatti,1.0,True,"C02,C04,C06"
lordo,1.0,True,"C03,C06"
straordinari,100.0,True,C06
netto,1.0,True,C06
contributi_inps,0.005,False,
lordo,100.0,True,"C03,C06"
lordo,10.0,True,"C03,C06"
netto,10.0,True,C06
irpef,10.0,True,"C06,C08"
ferie_residuo,0.005,False,
lordo,100.0,True,"C03,C06"
straordinari,0.005,False,
tabellare,10.0,True,"C01,C04,C06"
netto,1.0,True,C06
altre_trattenute,10.0,True,C06
irpef,0.02,True,"C06,C08"
scatti,10.0,True,"C02,C04,C06"
scatti,100.0,True,"C02,C04,C06"
lordo,10.0,True,"C03,C06"
quota_tfr,10.0,True,C04
scatti,100.0,True,"C02,C04,C06"
straordinari,100.0,True,C06
straordinari,0.02,True,C06
superminimo,0.005,False,
contributi_inps,10.0,True,"C03,C06,C08"
superminimo,1.0,True,"C04,C06,C10"
contributi_inps,1.0,True,"C03,C06,C08"
ferie_residuo,0.005,False,
lordo,10.0,True,"C03,C06"
ferie_residuo,10.0,True,C05
superminimo,0.005,False,
altre_trattenute,100.0,True,C06
netto,1.0,True,C06
tabellare,100.0,True,"C01,C04,C06"
quota_tfr,1.0,True,C04
lordo,100.0,True,"C03,C06"
lordo,0.02,True,C06
scatti,100.0,True,"C02,C04,C06"
straordinari,0.02,True,C06
quota_tfr,1.0,True,C04
irpef,1.0,True,"C06,C08"
irpef,10.0,True,"C06,C08"
straordinari,10.0,True,C06
quota_tfr,1.0,True,C04
contributi_inps,0.005,False,
irpef,10.0,True,"C06,C08"
ferie_residuo,0.005,False,
altre_trattenute,10.0,True,C06
altre_trattenute,0.02,True,C06
irpef,10.0,True,"C06,C08"
tabellare,0.02,True,"C01,C06"
netto,0.005,False,
contributi_inps,10.0,True,"C03,C06,C08"
scatti,0.02,True,"C02,C06"
scatti,10.0,True,"C02,C04,C06"
quota_tfr,10.0,True,C04
contributi_inps,10.0,True,"C03,C06,C08"
irpef,100.0,True,"C06,C08"
tabellare,0.02,True,"C01,C06"
straordinari,100.0,True,C06
netto,1.0,True,C06
contributi_inps,10.0,True,"C03,C06,C08"
netto,10.0,True,C06
lordo,1.0,True,"C03,C06"
irpef,100.0,True,"C06,C08"
straordinari,0.02,True,C06
netto,1.0,True,C06
quota_tfr,0.02,True,C04
straordinari,10.0,True,C06
tabellare,100.0,True,"C01,C04,C06"
quota_tfr,1.0,True,C04
straordinari,10.0,True,C06
straordinari,100.0,True,C06
altre_trattenute,0.02,True,C06
superminimo,10.0,True,"C04,C06,C10"
superminimo,0.005,True,C06
tabellare,100.0,True,"C01,C04,C06"
straordinari,1.0,True,C06
superminimo,0.02,True,"C06,C10"
scatti,10.0,True,"C02,C04,C06"
scatti,0.005,False,
ferie_residuo,1.0,True,C05
superminimo,0.005,False,
superminimo,10.0,True,"C04,C06,C10"
quota_tfr,1.0,True,C04
lordo,1.0,True,"C03,C06"
ferie_residuo,0.02,True,C05
contributi_inps,10.0,True,"C03,C06,C08"
straordinari,100.0,True,C06
altre_trattenute,0.02,True,C06
contributi_inps,10.0,True,"C03,C06,C08"
contributi_inps,0.005,False,
netto,0.005,False,
contributi_inps,0.005,True,C08
straordinari,10.0,True,C06
quota_tfr,100.0,True,C04
superminimo,10.0,True,"C04,C06,C10"
quota_tfr,1.0,True,C04
tabellare,1.0,True,"C01,C04,C06"
ferie_residuo,1.0,True,C05
contributi_inps,1.0,True,"C03,C06,C08"
straordinari,1.0,True,C06
scatti,1.0,True,"C02,C04,C06"
altre_trattenute,0.005,False,
quota_tfr,10.0,True,C04
tabellare,0.005,False,
ferie_residuo,0.02,True,C05
scatti,1.0,True,"C02,C04,C06"
superminimo,0.005,False,
ferie_residuo,10.0,True,C05
lordo,0.005,False,
scatti,0.02,True,"C02,C06"
netto,100.0,True,C06
altre_trattenute,0.02,True,C06
netto,0.005,False,
straordinari,1.0,True,C06
straordinari,0.02,True,C06
netto,0.02,True,C06
scatti,0.005,True,C06
straordinari,0.005,False,
lordo,0.005,False,
quota_tfr,100.0,True,C04
quota_tfr,0.005,False,
straordinari,0.02,True,C06
scatti,100.0,True,"C02,C04,C06"
tabellare,0.02,True,"C01,C06"
contributi_inps,0.005,True,C08
tabellare,1.0,True,"C01,C04,C06"
tabellare,0.005,False,
netto,0.02,True,C06
superminimo,0.02,True,"C06,C10"
ferie_residuo,1.0,True,C05
altre_trattenute,0.005,False,
contributi_inps,0.005,False,
ferie_residuo,0.005,False,
scatti,1.0,True,"C02,C04,C06"
ferie_residuo,10.0,True,C05
lordo,0.005,False,
irpef,10.0,True,"C06,C08"
ferie_residuo,0.005,False,
straordinari,0.02,True,C06
netto,0.02,True,C06
irpef,10.0,True,"C06,C08"
irpef,0.005,False,
ferie_residuo,100.0,True,C05
tabellare,1.0,True,"C01,C04,C06"
scatti,10.0,True,"C02,C04,C06"
quota_tfr,1.0,True,C04
contributi_inps,100.0,True,"C03,C06,C08"
contributi_inps,10.0,True,"C03,C06,C08"
lordo,1.0,True,"C03,C06"
superminimo,10.0,True,"C04,C06,C10"
straordinari,0.005,False,
irpef,0.02,True,"C06,C08"
contributi_inps,0.02,True,"C03,C06,C08"
straordinari,1.0,True,C06
altre_trattenute,1.0,True,C06
irpef,100.0,True,"C06,C08"
superminimo,0.005,False,
quota_tfr,1.0,True,C04
netto,100.0,True,C06
lordo,10.0,True,"C03,C06"
quota_tfr,1.0,True,C04
lordo,1.0,True,"C03,C06"
netto,0.005,False,
contributi_inps,0.005,False,
netto,10.0,True,C06
netto,0.02,True,C06
contributi_inps,10.0,True,"C03,C06,C08"
lordo,0.02,True,C06
tabellare,10.0,True,"C01,C04,C06"
ferie_residuo,0.02,True,C05
tabellare,10.0,True,"C01,C04,C06"
ferie_residuo,10.0,True,C05
lordo,1.0,True,"C03,C06"
tabellare,100.0,True,"C01,C04,C06"
straordinari,100.0,True,C06
lordo,100.0,True,"C03,C06"
tabellare,100.0,True,"C01,C04,C06"
contributi_inps,0.02,True,"C03,C06,C08"
altre_trattenute,0.02,True,C06
irpef,0.005,False,
irpef,1.0,True,"C06,C08"
lordo,0.005,False,
netto,10.0,True,C06
tabellare,0.02,True,"C01,C06"
altre_trattenute,100.0,True,C06
lordo,10.0,True,"C03,C06"
netto,1.0,True,C06
altre_trattenute,0.005,False,
quota_tfr,1.0,True,C04
lordo,0.02,True,C06
scatti,100.0,True,"C02,C04,C06"
lordo,0.02,True,C06
irpef,10.0,True,"C06,C08"
irpef,10.0,True,"C06,C08"
superminimo,0.02,True,"C06,C10"
superminimo,0.02,True,"C06,C10"
irpef,0.005,False,
quota_tfr,10.0,True,C04
quota_tfr,1.0,True,C04
straordinari,0.02,True,C06
tabellare,10.0,True,"C01,C04,C06"
ferie_residuo,10.0,True,C05
quota_tfr,100.0,True,C04
straordinari,1.0,True,C06
ferie_residuo,100.0,True,C05
tabellare,100.0,True,"C01,C04,C06"
contributi_inps,0.02,True,"C03,C06,C08"
ferie_residuo,0.02,True,C05
netto,0.005,False,
quota_tfr,0.005,False,
altre_trattenute,0.005,False,
lordo,1.0,True,"C03,C06"
quota_tfr,0.02,True,C04
straordinari,1.0,True,C06
superminimo,0.005,False,
contributi_inps,0.005,True,C08
quota_tfr,0.005,False,
netto,100.0,True,C06
ferie_residuo,0.005,False,
contributi_inps,1.0,True,"C03,C06,C08"
