mese,matricola,cliente,codice_fiscale,livello,data_assunzione,part_time,superminimo_assorbibile,evento,tabellare,scatti_n,scatti,superminimo,straordinari,lordo,contributi_inps,imponibile_irpef,irpef,altre_trattenute,netto,quota_tfr,ferie_maturate,ferie_godute,ferie_residuo
2026-08,A001,A,VRPZTV94P61Z351F,6,2026-02-08,1.0000,False,,1539.7000,0,0.0000,150.0000,0.0000,1689.7000,155.3100,1534.3900,201.3700,23.0200,1310.0000,146.0200,2.1667,15.0000,6.6860
2026-08,A002,A,SLFMGL77A20Z282P,5,1998-02-10,1.0000,False,,1658.0100,9,182.7000,200.0000,0.0000,2040.7100,187.5700,1853.1400,287.4300,27.8000,1537.9100,176.3600,2.1667,12.0000,2.8031
2026-08,A003,A,DSTTRG94S03Z112R,4,2024-06-03,1.0000,False,,1781.6800,0,0.0000,200.0000,0.0000,1981.6800,182.1500,1799.5300,272.9600,26.9900,1499.5800,171.2600,2.1667,0.0000,31.8200
2026-08,A004,A,VVZRNM91L43Z368P,4,2022-10-18,1.0000,True,,1781.6800,1,20.6600,300.0000,0.0000,2102.3400,193.1700,1909.1700,302.5600,28.6400,1577.9700,181.6800,2.1667,5.0000,15.0127
2026-08,A005,A,SCTRMN92P57Z172F,5,2011-10-08,0.7500,True,,1243.5100,4,60.9000,225.0000,0.0000,1529.4100,140.5200,1388.8900,162.0800,20.8300,1205.9800,132.1700,2.1667,0.0000,21.1311
2026-08,A006,A,GPMSGP69S63Z356P,5,2024-11-16,0.5000,True,,829.0100,0,0.0000,150.0000,0.0000,979.0100,89.9700,889.0400,41.5600,13.3400,834.1400,84.6100,2.1667,0.0000,30.6945
2026-08,A007,A,VPNLFG87L07Z348V,1,2020-08-03,1.0000,True,,2504.0700,1,24.8400,200.0000,0.0000,2728.9100,250.8000,2478.1100,470.6500,37.1700,1970.2900,235.8300,2.1667,0.0000,17.3519
2026-08,A008,A,NTTVPG93L18Z331K,3,2022-01-27,1.0000,False,,1981.8400,1,21.9500,0.0000,0.0000,2003.7900,184.1700,1819.6200,278.3800,27.2900,1513.9500,173.1700,2.1667,5.0000,11.1243
2026-08,A009,A,TZMDNB89T56Z147H,6,2010-11-09,1.0000,True,,1539.7000,5,98.6500,50.0000,0.0000,1688.3500,155.1300,1533.2200,201.0500,23.0000,1309.1700,145.9100,2.1667,0.0000,20.7886
2026-08,A010,A,SVSLDB67R26Z260S,4,2007-04-04,0.7500,True,,1336.2600,6,92.9700,60.0000,0.0000,1489.2300,136.8400,1352.3900,152.2300,20.2900,1179.8700,128.7000,2.1667,5.0000,14.0704
2026-08,A011,A,GCMSDD93T24Z256G,4,2014-09-08,1.0000,True,,1781.6800,3,61.9800,300.0000,0.0000,2143.6600,197.0300,1946.6300,312.6700,29.2000,1604.7600,185.2500,2.1667,0.0000,25.8977
2026-08,A012,A,BZLSLV71P66Z113R,7,2007-07-01,1.0000,True,,1395.8900,6,116.8200,0.0000,0.0000,1512.7100,139.0400,1373.6700,157.9700,20.6100,1195.0900,130.7300,2.1667,10.0000,21.9110
2026-08,A013,A,RPFMRL81M51Z334Y,4,2003-08-15,0.7500,True,,1336.2600,7,108.4700,0.0000,0.0000,1444.7300,132.8000,1311.9300,141.3000,19.6800,1150.9500,124.8500,2.1667,15.0000,9.3799
2026-08,A014,A,ZBNZVS66P13Z196W,6,1997-04-21,1.0000,True,,1539.7000,9,177.5700,300.0000,0.0000,2017.2700,185.3600,1831.9100,281.7000,27.4800,1522.7300,174.3300,2.1667,15.0000,13.7701
2026-08,A015,A,GMPMZC63C21Z296Q,3,2008-09-05,0.7500,True,,1486.3800,5,82.3100,112.5000,0.0000,1681.1900,154.4800,1526.7100,199.3000,22.9000,1304.5100,145.2900,2.1667,0.0000,27.4397
2026-08,A016,A,NCPVPV78M56Z240M,4,2017-08-25,1.0000,False,,1781.6800,2,41.3200,200.0000,0.0000,2023.0000,185.9100,1837.0900,283.1000,27.5600,1526.4300,174.8300,2.1667,5.0000,15.9158
2026-08,A017,A,BLZDLP76A03Z393F,4,2024-11-11,0.7500,False,,1336.2600,0,0.0000,0.0000,0.0000,1336.2600,122.7800,1213.4800,116.1800,18.2000,1079.1000,115.4800,2.1667,5.0000,25.4459
2026-08,A018,A,SPDCVG01T49Z149N,3,2024-10-24,1.0000,False,,1981.8400,0,0.0000,80.0000,0.0000,2061.8400,189.5000,1872.3400,292.6200,28.0900,1551.6300,178.1800,2.1667,5.0000,12.3163
2026-08,B019,B,GLDGGC65H64Z107U,2,2006-11-21,1.0000,True,,2233.6000,6,136.9800,0.0000,0.0000,2370.5800,217.8900,2152.6900,368.3100,32.2900,1752.0900,204.8600,2.1667,10.0000,20.1130
2026-08,B020,B,CSPRZL78L01Z261M,1,1998-02-08,1.0000,False,,2504.0700,9,223.5600,0.0000,0.0000,2727.6300,250.7000,2476.9300,470.2100,37.1500,1969.5700,235.7200,2.1667,15.0000,7.9673
2026-08,B021,B,SCSLZP03T20Z228R,4,2022-07-11,1.0000,True,,1781.6800,1,20.6600,150.0000,0.0000,1952.3400,179.3900,1772.9500,265.7800,26.5900,1480.5800,168.7200,2.1667,0.0000,22.9062
2026-08,B022,B,GVMLRB84A24Z377J,3,2025-07-01,1.0000,False,,1981.8400,0,0.0000,0.0000,0.0000,1981.8400,182.1500,1799.6900,273.0000,27.0000,1499.6900,171.2700,2.1667,10.0000,17.0036
2026-08,B023,B,RSSGBM65T44Z396D,2,2005-10-04,1.0000,True,,2233.6000,6,136.9800,120.0000,0.0000,2490.5800,228.9200,2261.6600,397.7300,33.9200,1830.0100,215.2400,2.1667,10.0000,20.5321
2026-08,B024,B,STPSPM86D65Z230W,5,2018-11-08,1.0000,False,,1658.0100,2,40.6000,0.0000,0.0000,1698.6100,156.1400,1542.4700,203.5500,23.1400,1315.7800,146.7900,2.1667,10.0000,13.5197
2026-08,B025,B,ZDPBSZ63E58Z363H,7,2020-08-03,1.0000,False,,1395.8900,1,19.4700,0.0000,0.0000,1415.3600,130.0400,1285.3200,134.1200,19.2800,1131.9200,122.3200,2.1667,10.0000,16.3948
2026-08,B026,B,NBFSPZ95T51Z177S,1,2014-11-27,1.0000,False,,2504.0700,3,74.5200,50.0000,0.0000,2628.5900,241.6100,2386.9800,436.9300,35.8000,1914.2500,227.1600,2.1667,10.0000,17.7804
2026-08,B027,B,LNSNPV87T12Z342X,3,2013-09-27,0.7500,False,,1486.3800,4,65.8500,90.0000,0.0000,1642.2300,150.9000,1491.3300,189.7400,22.3700,1279.2200,141.9200,2.1667,0.0000,29.1882
2026-08,B028,B,ZZPTMV81D06Z119Q,4,2020-07-05,1.0000,True,,1781.6800,2,41.3200,120.0000,0.0000,1943.0000,178.5600,1764.4400,263.4800,26.4700,1474.4900,167.9100,2.1667,10.0000,15.2215
2026-08,B029,B,PFZZTR85P64Z257Z,5,2012-03-23,0.5000,True,,829.0100,4,40.6000,0.0000,0.0000,869.6100,79.9500,789.6600,18.7100,11.8400,759.1100,75.1500,2.1667,10.0000,8.7587
2026-08,B030,B,TMLPGG86P17Z121J,7,2025-11-06,1.0000,False,,1395.8900,0,0.0000,0.0000,0.0000,1395.8900,128.2900,1267.6000,129.3400,19.0100,1119.2500,120.6300,2.1667,10.0000,11.3863
2026-08,B031,B,TSBZRS74C10Z345E,4,2013-09-10,0.5000,False,,890.8400,4,41.3200,25.0000,0.0000,957.1600,87.9500,869.2100,37.0000,13.0400,819.1700,82.7200,2.1667,13.0000,2.7543
2026-08,B032,B,CPSTSV96C64Z101A,4,2023-01-06,1.0000,False,,1781.6800,1,20.6600,0.0000,0.0000,1802.3400,165.6000,1636.7400,229.0000,24.5500,1383.1900,155.7600,2.1667,0.0000,21.2095
2026-08,B033,B,NCZZTC81D58Z295H,3,2004-10-20,1.0000,True,,1981.8400,7,153.6500,120.0000,0.0000,2255.4900,207.2300,2048.2600,340.1100,30.7200,1677.4300,194.9200,2.1667,10.0000,10.2963
2026-08,B034,B,RLCCVC69H56Z353N,4,2026-02-18,0.7500,False,,1336.2600,0,0.0000,150.0000,0.0000,1486.2600,136.5600,1349.7000,151.5000,20.2500,1177.9500,128.4400,2.1667,10.0000,11.2602
2026-08,B035,B,MLDFVN76C51Z212D,4,2022-09-18,0.5000,False,,890.8400,1,10.3300,100.0000,0.0000,1001.1700,91.9900,909.1800,46.1900,13.6400,849.3500,86.5200,2.1667,0.0000,24.4417
2026-08,B036,B,MGLZCL84L27Z236H,3,2021-07-07,0.7500,False,,1486.3800,1,16.4600,0.0000,0.0000,1502.8400,138.1300,1364.7100,155.5600,20.4700,1188.6800,129.8800,2.1667,5.0000,16.8552
2026-08,B037,B,GGRNSM71P61Z304E,7,2012-04-11,1.0000,True,,1395.8900,4,77.8800,0.0000,0.0000,1473.7700,135.4600,1338.3100,148.4300,20.0700,1169.8100,127.3600,2.1667,10.0000,7.8266
2026-08,B038,B,PFMLSL88H04Z130M,4,2022-11-28,0.7500,False,,1336.2600,1,15.5000,225.0000,0.0000,1576.7600,144.9300,1431.8300,173.6800,21.4800,1236.6700,136.2600,2.1667,15.0000,2.1671
2026-08,B039,B,ZNLBBV62E18Z212O,4,2011-03-11,1.0000,True,,1781.6800,5,103.3000,200.0000,0.0000,2084.9800,191.6100,1893.3700,298.2900,28.4000,1566.6800,180.1800,2.1667,0.0000,22.5300
2026-08,B040,B,CPTFPV79H01Z105O,4,2022-04-26,1.0000,False,,1781.6800,1,20.6600,120.0000,0.0000,1922.3400,176.6300,1745.7100,258.4300,26.1900,1461.0900,166.1300,2.1667,15.0000,12.7885
2026-08,B041,B,SRPDCB76M47Z238Z,2,2005-12-10,1.0000,False,,2233.6000,6,136.9800,300.0000,0.0000,2670.5800,245.4600,2425.1200,451.0400,36.3800,1937.7000,230.7900,2.1667,10.0000,9.2306
2026-08,B042,B,RNGNLZ97T57Z228L,5,2019-08-22,1.0000,True,,1658.0100,2,40.6000,120.0000,0.0000,1818.6100,167.1700,1651.4400,232.9700,24.7700,1393.7000,157.1600,2.1667,10.0000,19.0842
2026-08,B043,B,PZTMGF63M66Z397H,5,2018-05-27,1.0000,True,,1658.0100,2,40.6000,80.0000,0.0000,1778.6100,163.4900,1615.1200,223.1700,24.2300,1367.7200,153.7100,2.1667,10.0000,19.9635
2026-08,B044,B,RLNLSL66T64Z284O,2,2014-08-20,1.0000,True,,2233.6000,3,68.4900,300.0000,0.0000,2602.0900,239.1200,2362.9700,428.0500,35.4400,1899.4800,224.8700,2.1667,10.0000,4.6458
2026-08,B045,B,NFFMPZ73E28Z369F,6,2019-11-04,0.5000,True,,769.8500,2,19.7300,0.0000,0.0000,789.5800,72.6000,716.9800,1.9900,10.7500,704.2400,68.2400,2.1667,5.0000,13.5616
2026-08,B046,B,PRTPFD79T56Z382O,6,2002-09-22,1.0000,False,,1539.7000,7,138.1100,150.0000,0.0000,1827.8100,167.9900,1659.8200,235.2300,24.9000,1399.6900,157.9600,2.1667,0.0000,21.1684
2026-08,B047,B,ZDDGPT71C66Z282S,1,2023-08-24,1.0000,True,,2504.0700,0,0.0000,80.0000,0.0000,2584.0700,237.4700,2346.6000,421.9900,35.2000,1889.4100,223.3100,2.1667,15.0000,5.2692
2026-08,B048,B,GFPLPC65C62Z338Z,4,2004-07-21,0.5000,True,,890.8400,7,72.3100,0.0000,0.0000,963.1500,88.5000,874.6500,38.2500,13.1200,823.2800,83.2400,2.1667,10.0000,21.1473
2026-08,B049,B,LRZTTZ82C63Z231S,Quadri,2017-01-16,1.0000,True,,2723.4500,3,76.3800,0.0000,0.0000,2799.8300,257.3200,2542.5100,494.4800,38.1400,2009.8900,241.9600,2.1667,10.0000,11.5295
2026-08,B050,B,FFSNFL94D68Z181B,5,2026-02-14,1.0000,True,,1658.0100,0,0.0000,0.0000,0.0000,1658.0100,152.3700,1505.6400,193.6100,22.5800,1289.4500,143.2800,2.1667,13.0000,2.2129
2026-08,B051,B,PRNCFT89M28Z200Q,7,2019-12-07,1.0000,True,,1395.8900,2,38.9400,200.0000,0.0000,1634.8300,150.2600,1484.5700,187.9200,22.2700,1274.3800,141.2800,2.1667,5.0000,12.3157
2026-08,B052,B,BPDSSV01T46Z237C,5,2020-03-07,1.0000,True,,1658.0100,2,40.6000,150.0000,0.0000,1848.6100,169.9200,1678.6900,240.3300,25.1800,1413.1800,159.7600,2.1667,5.0000,16.9202
2026-08,B053,B,VDPFLN62M57Z293L,4,2024-05-27,0.5000,True,,890.8400,0,0.0000,0.0000,0.0000,890.8400,81.8800,808.9600,23.1400,12.1300,773.6900,76.9900,2.1667,15.0000,9.6197
2026-08,B054,B,ZPCZGG97H25Z119O,4,2020-11-03,1.0000,True,,1781.6800,1,20.6600,300.0000,0.0000,2102.3400,193.1700,1909.1700,302.5600,28.6400,1577.9700,181.6800,2.1667,10.0000,11.5435
2026-08,B055,B,RNPBDL95M59Z168H,5,2015-07-26,1.0000,True,,1658.0100,3,60.9000,200.0000,0.0000,1918.9100,176.3600,1742.5500,257.5700,26.1400,1458.8400,165.8300,2.1667,15.0000,12.2349
2026-08,B056,B,CTZLTD72P68Z257S,5,2023-08-21,1.0000,False,,1658.0100,0,0.0000,300.0000,0.0000,1958.0100,179.9400,1778.0700,267.1600,26.6700,1484.2400,169.2100,2.1667,0.0000,15.7586
2026-08,B057,B,NFRDNF91T48Z158N,6,2022-04-17,1.0000,True,,1539.7000,1,19.7300,0.0000,0.0000,1559.4300,143.2700,1416.1600,169.4500,21.2400,1225.4700,134.7700,2.1667,15.0000,13.1780
2026-08,B058,B,GFZPLG92P01Z321Y,5,2026-04-13,1.0000,False,,1658.0100,0,0.0000,0.0000,0.0000,1658.0100,152.3700,1505.6400,193.6100,22.5800,1289.4500,143.2800,2.1667,10.0000,18.3113
2026-08,B059,B,RCPDNM84R28Z156P,3,2019-03-17,1.0000,False,,1981.8400,2,43.9000,50.0000,0.0000,2075.7400,190.7800,1884.9600,296.0200,28.2700,1560.6700,179.3800,2.1667,12.0000,2.6968
2026-08,B060,B,GLCGDB88L01Z211D,3,2014-04-02,0.7500,False,,1486.3800,4,65.8500,225.0000,0.0000,1777.2300,163.3100,1613.9200,222.8400,24.2100,1366.8700,153.5900,2.1667,0.0000,17.1750
2026-08,B061,B,ZPSBZF97B15Z346Q,4,2024-11-02,0.7500,True,,1336.2600,0,0.0000,150.0000,0.0000,1486.2600,136.5600,1349.7000,151.5000,20.2500,1177.9500,128.4400,2.1667,0.0000,14.4707
2026-08,B062,B,CTTPDP03B49Z364V,4,2023-01-10,1.0000,True,,1781.6800,1,20.6600,80.0000,0.0000,1882.3400,172.9600,1709.3800,248.6200,25.6400,1435.1200,162.6700,2.1667,5.0000,26.4321
2026-08,B063,B,MMPCNS65P52Z191K,4,2009-09-13,1.0000,True,,1781.6800,5,103.3000,0.0000,0.0000,1884.9800,173.2300,1711.7500,249.2600,25.6800,1436.8100,162.9000,2.1667,10.0000,13.5510
2026-08,B064,B,CBLCTV74P65Z166G,7,2016-07-09,1.0000,False,,1395.8900,3,58.4100,200.0000,0.0000,1654.3000,152.0000,1502.3000,192.7000,22.5300,1287.0700,142.9600,2.1667,15.0000,16.9725
2026-08,B065,B,PCDBZM95D27Z145M,5,2021-12-05,1.0000,False,,1658.0100,1,20.3000,200.0000,0.0000,1878.3100,172.5900,1705.7200,247.6300,25.5900,1432.5000,162.3200,2.1667,10.0000,5.0881
2026-08,B066,B,SGFCMF88S59Z255N,2,2017-09-12,1.0000,True,,2233.6000,2,45.6600,0.0000,0.0000,2279.2600,209.4400,2069.8200,345.9300,31.0500,1692.8400,196.9700,2.1667,10.0000,9.1441
2026-08,B067,B,RCFSNV98C10Z181V,4,2025-01-01,0.7500,True,,1336.2600,0,0.0000,150.0000,0.0000,1486.2600,136.5600,1349.7000,151.5000,20.2500,1177.9500,128.4400,2.1667,10.0000,5.2953
2026-08,B068,B,BNRGDM92B43Z102G,4,2015-01-20,1.0000,True,,1781.6800,3,61.9800,80.0000,0.0000,1923.6600,176.8200,1746.8400,258.7300,26.2000,1461.9100,166.2400,2.1667,10.0000,9.0842
2026-08,B069,B,GNTRMN76H55Z251B,4,1999-07-09,1.0000,False,,1781.6800,9,185.9400,80.0000,0.0000,2047.6200,188.2100,1859.4100,289.1200,27.8900,1542.4000,176.9500,2.1667,5.0000,12.9473
2026-08,B070,B,FZTSLD68R18Z151C,7,1996-04-07,1.0000,True,,1395.8900,10,194.7000,150.0000,0.0000,1740.5900,160.0000,1580.5900,213.8400,23.7100,1343.0400,150.4200,2.1667,10.0000,11.9406
2026-08,B071,B,MTGLZN83S58Z224Q,4,2014-04-20,0.5000,True,,890.8400,4,41.3200,150.0000,0.0000,1082.1600,99.4400,982.7200,63.1100,14.7400,904.8700,93.5200,2.1667,5.0000,17.2249
2026-08,B072,B,SNSBRG01D50Z118I,4,2021-07-22,1.0000,False,,1781.6800,1,20.6600,150.0000,0.0000,1952.3400,179.3900,1772.9500,265.7800,26.5900,1480.5800,168.7200,2.1667,10.0000,9.3242
2026-08,B073,B,GVSZRP97E67Z279G,4,2022-04-23,1.0000,False,,1781.6800,1,20.6600,300.0000,0.0000,2102.3400,193.1700,1909.1700,302.5600,28.6400,1577.9700,181.6800,2.1667,10.0000,19.6260
2026-08,B074,B,ZVFPRM86P48Z282E,4,2005-07-17,1.0000,False,,1781.6800,7,144.6200,120.0000,0.0000,2046.3000,188.0300,1858.2700,288.8200,27.8700,1541.5800,176.8400,2.1667,15.0000,7.1240
2026-08,B075,B,MPFLBP63B08Z143P,4,2008-03-16,1.0000,False,,1781.6800,6,123.9600,0.0000,0.0000,1905.6400,175.1600,1730.4800,254.3100,25.9600,1450.2100,164.6800,2.1667,10.0000,12.0726
2026-08,B076,B,MFLGBC87B55Z133K,4,2025-06-21,0.7500,False,,1336.2600,0,0.0000,0.0000,0.0000,1336.2600,122.7800,1213.4800,116.1800,18.2000,1079.1000,115.4800,2.1667,13.0000,2.3027
2026-08,B077,B,ZNLRDC91S14Z144S,5,2013-11-04,1.0000,True,,1658.0100,4,81.2000,300.0000,0.0000,2039.2100,187.3800,1851.8300,287.0800,27.7800,1536.9700,176.2300,2.1667,5.0000,9.8037
2026-08,B078,B,MCNNBN91B58Z343Z,1,2023-03-03,1.0000,True,,2504.0700,1,24.8400,200.0000,0.0000,2728.9100,250.8000,2478.1100,470.6500,37.1700,1970.2900,235.8300,2.1667,5.0000,12.1962
2026-08,B079,B,MCLDBZ65L46Z172C,3,2022-11-03,1.0000,True,,1981.8400,1,21.9500,50.0000,0.0000,2053.7900,188.7600,1865.0300,290.6400,27.9800,1546.4100,177.4900,2.1667,15.0000,11.8658
2026-08,B080,B,SCRVRG78L26Z263Q,4,2000-12-08,0.7500,True,,1336.2600,8,123.9600,112.5000,0.0000,1572.7200,144.5600,1428.1600,172.6900,21.4200,1234.0500,135.9100,2.1667,5.0000,26.1772
2026-08,B081,B,PNGMTZ99E08Z233Y,4,2026-03-17,1.0000,True,,1781.6800,0,0.0000,80.0000,0.0000,1861.6800,171.1200,1690.5600,243.5300,25.3600,1421.6700,160.8900,2.1667,0.0000,22.5457
2026-08,B082,B,BFRRLT99M06Z262B,7,2023-09-10,1.0000,False,,1395.8900,0,0.0000,50.0000,0.0000,1445.8900,132.8900,1313.0000,141.5900,19.7000,1151.7100,124.9500,2.1667,0.0000,23.6393
2026-08,B083,B,LZZMVS69S11Z331I,4,2020-11-14,1.0000,True,,1781.6800,1,20.6600,0.0000,0.0000,1802.3400,165.6000,1636.7400,229.0000,24.5500,1383.1900,155.7600,2.1667,10.0000,19.9734
2026-08,B084,B,BLMNBR84A25Z111U,4,2014-07-24,1.0000,False,,1781.6800,4,82.6400,200.0000,0.0000,2064.3200,189.6800,1874.6400,293.2400,28.1200,1553.2800,178.4000,2.1667,0.0000,15.8011
2026-08,B085,B,BFFBCF96A44Z190B,4,2020-07-09,0.5000,True,,890.8400,2,20.6600,40.0000,0.0000,951.5000,87.4900,864.0100,35.8100,12.9600,815.2400,82.2300,2.1667,15.0000,10.6560
2026-08,B086,B,GDCZMF01P55Z159P,4,2020-11-20,1.0000,True,,1781.6800,1,20.6600,0.0000,0.0000,1802.3400,165.6000,1636.7400,229.0000,24.5500,1383.1900,155.7600,2.1667,5.0000,11.8565
2026-08,B087,B,VVZGML68B59Z385J,4,2019-01-05,0.7500,True,,1336.2600,2,30.9900,0.0000,0.0000,1367.2500,125.6300,1241.6200,122.6600,18.6200,1100.3400,118.1600,2.1667,5.0000,18.0034
2026-08,B088,B,RMTBCN74A14Z393D,4,2014-03-09,0.5000,True,,890.8400,4,41.3200,0.0000,0.0000,932.1600,85.6500,846.5100,31.7800,12.7000,802.0300,80.5600,2.1667,10.0000,11.1017
2026-08,B089,B,FGTNPR02S45Z177R,5,2021-05-25,0.7500,True,,1243.5100,1,15.2300,112.5000,0.0000,1371.2400,125.9900,1245.2500,123.4900,18.6800,1103.0800,118.5000,2.1667,5.0000,19.4093
2026-08,B090,B,ZBLRSC80A44Z241W,2,2005-08-13,1.0000,True,,2233.6000,6,136.9800,0.0000,0.0000,2370.5800,217.8900,2152.6900,368.3100,32.2900,1752.0900,204.8600,2.1667,10.0000,5.9220
2026-08,B091,B,NPLVVZ78B50Z170D,5,2023-08-25,1.0000,True,,1658.0100,0,0.0000,50.0000,0.0000,1708.0100,156.9700,1551.0400,205.8600,23.2700,1321.9100,147.6100,2.1667,5.0000,14.5077
2026-08,B092,B,VDLNCS78S44Z169Z,5,2009-05-19,1.0000,True,,1658.0100,5,101.5000,50.0000,0.0000,1809.5100,166.3400,1643.1700,230.7400,24.6500,1387.7800,156.3800,2.1667,0.0000,29.6456
2026-08,C093,C,GDGNMV96A58Z152Q,3,2020-04-24,1.0000,True,,1981.8400,2,43.9000,0.0000,0.0000,2025.7400,186.1900,1839.5500,283.7600,27.5900,1528.2000,175.0600,2.1667,10.0000,20.2632
2026-08,C094,C,CGVMCF88B56Z203X,3,2017-08-04,0.5000,False,,990.9200,2,21.9500,0.0000,0.0000,1012.8700,93.0900,919.7800,48.6300,13.8000,857.3500,87.5300,2.1667,0.0000,14.2356
2026-08,C095,C,SLPTRF82D41Z121N,3,2021-06-04,0.5000,True,,990.9200,1,10.9800,75.0000,0.0000,1076.9000,98.9800,977.9200,62.0000,14.6700,901.2500,93.0700,2.1667,15.0000,4.4375
2026-08,C096,C,FPGPSP93S16Z276H,4,2017-08-16,1.0000,False,,1781.6800,2,41.3200,120.0000,0.0000,1943.0000,178.5600,1764.4400,263.4800,26.4700,1474.4900,167.9100,2.1667,15.0000,6.5612
2026-08,C097,C,NDZSNM67S21Z161H,6,1996-07-15,1.0000,False,,1539.7000,10,197.3000,0.0000,0.0000,1737.0000,159.6300,1577.3700,212.9700,23.6600,1340.7400,150.1100,2.1667,15.0000,16.4270
2026-08,C098,C,NSBCBT84B09Z370N,3,2006-04-14,1.0000,True,,1981.8400,6,131.7000,50.0000,0.0000,2163.5400,198.8700,1964.6700,317.5400,29.4700,1617.6600,186.9700,2.1667,0.0000,20.0905
2026-08,C099,C,GMZMPM03C67Z202O,4,2023-12-20,1.0000,True,,1781.6800,0,0.0000,150.0000,0.0000,1931.6800,177.5500,1754.1300,260.7000,26.3100,1467.1200,166.9400,2.1667,10.0000,12.4172
2026-08,C100,C,GVLTFT85D60Z269E,4,2021-12-20,0.7500,True,,1336.2600,1,15.5000,150.0000,0.0000,1501.7600,138.0300,1363.7300,155.2900,20.4600,1187.9800,129.7800,2.1667,10.0000,9.9888
2026-08,C101,C,RMNZNB79C03Z240D,5,2012-03-08,1.0000,False,,1658.0100,4,81.2000,80.0000,0.0000,1819.2100,167.1700,1652.0400,233.1300,24.7800,1394.1300,157.2200,2.1667,0.0000,16.2724
2026-08,C102,C,TVCVMP80T03Z361Q,5,2019-01-09,0.7500,True,,1243.5100,2,30.4500,90.0000,0.0000,1363.9600,125.3500,1238.6100,121.9600,18.5800,1098.0700,117.8700,2.1667,5.0000,12.8936
2026-08,C103,C,LVRLFG67B63Z238U,2,2020-08-08,0.7500,True,,1675.2000,1,17.1200,37.5000,0.0000,1729.8200,158.9900,1570.8300,211.2100,23.5600,1336.0600,149.4900,2.1667,10.0000,18.5598
2026-08,C104,C,VPDGVG72R49Z303P,7,2025-05-15,0.7500,True,,1046.9200,0,0.0000,0.0000,0.0000,1046.9200,96.2200,950.7000,55.7400,14.2600,880.7000,90.4700,2.1667,0.0000,14.9318
2026-08,C105,C,BCBBTB67R52Z260R,Quadri,2020-09-23,1.0000,True,,2723.4500,1,25.4600,300.0000,0.0000,3048.9100,280.2000,2768.7100,578.1700,41.5300,2149.0100,263.4900,2.1667,5.0000,21.9779
2026-08,C106,C,NFFBLN93A65Z116L,4,2012-10-04,1.0000,True,,1781.6800,4,82.6400,0.0000,0.0000,1864.3200,171.3000,1693.0200,244.2000,25.4000,1423.4200,161.1100,2.1667,0.0000,23.3743
2026-08,C107,C,ZCCGMF94M55Z282H,5,2024-09-23,0.7500,True,,1243.5100,0,0.0000,112.5000,0.0000,1356.0100,124.6200,1231.3900,120.3000,18.4700,1092.6200,117.1900,2.1667,15.0000,5.1358
2026-08,C108,C,BBGDMF63D57Z326I,6,2010-01-02,1.0000,False,,1539.7000,5,98.6500,50.0000,0.0000,1688.3500,155.1300,1533.2200,201.0500,23.0000,1309.1700,145.9100,2.1667,0.0000,15.3273
2026-08,C109,C,CDMNBP93B11Z147V,5,2026-06-06,1.0000,False,,1658.0100,0,0.0000,0.0000,0.0000,1658.0100,152.3700,1505.6400,193.6100,22.5800,1289.4500,143.2800,2.1667,13.0000,2.2875
2026-08,C110,C,FRZPCT90M01Z197A,5,2019-08-20,1.0000,True,,1658.0100,2,40.6000,0.0000,0.0000,1698.6100,156.1400,1542.4700,203.5500,23.1400,1315.7800,146.7900,2.1667,10.0000,16.9863
2026-08,C111,C,DZRZRR70M62Z154T,3,2001-09-14,1.0000,False,,1981.8400,8,175.6000,0.0000,0.0000,2157.4400,198.2300,1959.2100,316.0700,29.3900,1613.7500,186.4500,2.1667,0.0000,19.7214
2026-08,C112,C,MMFZLC63S13Z302T,3,2025-06-11,0.5000,True,,990.9200,0,0.0000,0.0000,0.0000,990.9200,91.0700,899.8500,44.0500,13.5000,842.3000,85.6400,2.1667,10.0000,6.0020
2026-08,C113,C,DGCNSS95C27Z182T,3,2019-10-15,1.0000,True,,1981.8400,2,43.9000,0.0000,0.0000,2025.7400,186.1900,1839.5500,283.7600,27.5900,1528.2000,175.0600,2.1667,5.0000,15.4400
2026-08,C114,C,BPTTDT88L66Z258Y,3,2011-09-26,1.0000,True,,1981.8400,4,87.8000,0.0000,0.0000,2069.6400,190.2300,1879.4100,294.5200,28.1900,1556.7000,178.8600,2.1667,5.0000,20.5448
2026-08,C115,C,VSVRST80C53Z286T,7,2004-09-08,1.0000,True,,1395.8900,7,136.2900,0.0000,0.0000,1532.1800,140.7900,1391.3900,162.7600,20.8700,1207.7600,132.4100,2.1667,5.0000,10.0609
2026-08,C116,C,PBZCFF03B58Z173K,3,2020-08-01,1.0000,True,,1981.8400,1,21.9500,200.0000,0.0000,2203.7900,202.5500,2001.2400,327.4200,30.0200,1643.8000,190.4500,2.1667,0.0000,19.3999
2026-08,C117,C,NMTBSP99H64Z168E,7,2024-12-07,1.0000,True,,1395.8900,0,0.0000,0.0000,0.0000,1395.8900,128.2900,1267.6000,129.3400,19.0100,1119.2500,120.6300,2.1667,5.0000,23.6589
2026-08,C118,C,NBBDDF87S04Z378L,4,2011-02-07,1.0000,True,,1781.6800,5,103.3000,0.0000,0.0000,1884.9800,173.2300,1711.7500,249.2600,25.6800,1436.8100,162.9000,2.1667,15.0000,9.0683
2026-08,C119,C,ZLZLBC99L20Z203O,3,2023-04-09,1.0000,False,,1981.8400,1,21.9500,150.0000,0.0000,2153.7900,197.9500,1955.8400,315.1600,29.3400,1611.3400,186.1300,2.1667,0.0000,29.0269
2026-09,A001,A,VRPZTV94P61Z351F,6,2026-02-08,1.0000,False,,1539.7000,0,0.0000,150.0000,0.0000,1689.7000,155.3100,1534.3900,201.3700,23.0200,1347.5000,146.0200,2.1667,0.0000,8.8527
2026-09,A002,A,SLFMGL77A20Z282P,5,1998-02-10,1.0000,False,,1658.0100,9,182.7000,200.0000,0.0000,2040.7100,187.5700,1853.1400,287.4300,27.8000,1537.9100,176.3600,2.1667,1.0000,3.9698
2026-09,A003,A,DSTTRG94S03Z112R,4,2024-06-03,1.0000,False,,1781.6800,0,0.0000,200.0000,0.0000,1981.6800,188.0900,1793.5900,271.3500,26.9000,1495.3400,171.2600,2.1667,0.0000,33.9867
2026-09,A004,A,VVZRNM91L43Z368P,4,2022-10-18,1.0000,True,straordinari,1781.6800,1,20.6600,300.0000,611.6100,2713.9500,249.4200,2464.5300,465.6300,36.9700,1961.9300,181.6800,2.1667,0.0000,17.1794
2026-09,A005,A,SCTRMN92P57Z172F,5,2011-10-08,0.7500,True,,1243.5100,4,60.9000,225.0000,0.0000,1529.4100,140.5200,1388.8900,162.0800,20.8300,1205.9800,132.1700,2.1667,0.0000,23.2978
2026-09,A006,A,GPMSGP69S63Z356P,5,2024-11-16,0.5000,True,,829.0100,0,0.0000,150.0000,0.0000,979.0100,89.9700,889.0400,41.5600,13.3400,834.1400,84.6100,2.1667,0.0000,32.8612
2026-09,A007,A,VPNLFG87L07Z348V,1,2020-08-03,1.0000,True,,2504.0700,1,24.8400,200.0000,0.0000,2728.9100,250.8000,2478.1100,470.6500,37.1700,1970.2900,235.8300,2.1667,0.0000,19.5186
2026-09,A008,A,NTTVPG93L18Z331K,3,2022-01-27,1.0000,False,,1981.8400,1,21.9500,0.0000,0.0000,2003.7900,184.1700,1819.6200,278.3800,27.2900,1513.9500,173.1700,2.1667,0.0000,13.2910
2026-09,A009,A,TZMDNB89T56Z147H,6,2010-11-09,1.0000,True,,1539.7000,5,98.6500,50.0000,0.0000,1688.3500,155.1300,1533.2200,201.0500,23.0000,1309.1700,145.9100,2.1667,0.0000,20.7886
2026-09,A010,A,SVSLDB67R26Z260S,4,2007-04-04,0.7500,True,,1336.2600,6,92.9700,60.0000,0.0000,1489.2300,136.8400,1352.3900,152.2300,20.2900,1179.8700,128.7000,2.1667,2.0000,14.2371
2026-09,A011,A,GCMSDD93T24Z256G,4,2014-09-08,1.0000,True,,1781.6800,3,61.9800,300.0000,0.0000,2143.6600,197.0300,1946.6300,312.6700,29.2000,1604.7600,185.2500,2.1667,2.0000,26.0644
2026-09,A012,A,BZLSLV71P66Z113R,7,2007-07-01,1.0000,True,,1395.8900,6,116.8200,0.0000,0.0000,1512.7100,143.5800,1369.1300,156.7500,20.5400,1191.8400,130.7300,2.1667,0.0000,24.0777
2026-09,A013,A,RPFMRL81M51Z334Y,4,2003-08-15,0.7500,True,,1336.2600,7,108.4700,0.0000,0.0000,1444.7300,132.8000,1311.9300,141.3000,19.6800,1150.9500,124.8500,2.1667,0.0000,11.5466
2026-09,A014,A,ZBNZVS66P13Z196W,6,1997-04-21,1.0000,True,,1539.7000,9,177.5700,300.0000,0.0000,2017.2700,185.3600,1831.9100,281.7000,27.4800,1522.7300,174.3300,2.1667,1.0000,14.9368
2026-09,A015,A,GMPMZC63C21Z296Q,3,2008-09-05,0.7500,True,,1486.3800,5,82.3100,112.5000,0.0000,1681.1900,154.4800,1526.7100,199.3000,22.9000,1304.5100,145.2900,2.1667,0.0000,29.6064
2026-09,A016,A,NCPVPV78M56Z240M,4,2017-08-25,1.0000,False,,1781.6800,2,41.3200,200.0000,0.0000,2023.0000,185.9100,1837.0900,283.1000,27.5600,1526.4300,174.8300,2.1667,0.0000,18.0825
2026-09,A017,A,BLZDLP76A03Z393F,4,2024-11-11,0.7500,False,,1336.2600,0,0.0000,0.0000,0.0000,1336.2600,122.7800,1213.4800,116.1800,18.2000,1079.1000,115.4800,2.1667,0.0000,27.6126
2026-09,A018,A,SPDCVG01T49Z149N,3,2024-10-24,1.0000,False,,1981.8400,0,0.0000,80.0000,0.0000,2061.8400,189.5000,1872.3400,292.6200,28.0900,1551.6300,178.1800,2.1667,2.0000,12.4830
2026-09,B019,B,GLDGGC65H64Z107U,2,2006-11-21,1.0000,True,,2233.6000,6,136.9800,0.0000,0.0000,2370.5800,217.8900,2152.6900,368.3100,32.2900,1752.0900,204.8600,2.1667,0.0000,22.2797
2026-09,B020,B,CSPRZL78L01Z261M,1,1998-02-08,1.0000,False,,2504.0700,9,223.5600,0.0000,0.0000,2727.6300,250.7000,2476.9300,470.2100,37.1500,1969.5700,235.7200,2.1667,1.0000,9.1340
2026-09,B021,B,SCSLZP03T20Z228R,4,2022-07-11,1.0000,True,straordinari,1781.6800,1,20.6600,150.0000,887.5100,2839.8500,261.0000,2578.8500,507.9200,38.6800,2032.2500,168.7200,2.1667,0.0000,25.0729
2026-09,B022,B,GVMLRB84A24Z377J,3,2025-07-01,1.0000,False,,1981.8400,0,0.0000,0.0000,0.0000,1981.8400,182.1500,1799.6900,273.0000,27.0000,1499.6900,171.2700,2.1667,0.0000,19.1703
2026-09,B023,B,RSSGBM65T44Z396D,2,2005-10-04,1.0000,True,,2233.6000,6,136.9800,120.0000,0.0000,2490.5800,228.9200,2261.6600,397.7300,33.9200,1830.0100,215.2400,2.1667,1.0000,21.6988
2026-09,B024,B,STPSPM86D65Z230W,5,2018-11-08,1.0000,False,,1658.0100,2,40.6000,0.0000,0.0000,1698.6100,156.1400,1542.4700,203.5500,23.1400,1315.7800,146.7900,2.1667,0.0000,15.6864
2026-09,B025,B,ZDPBSZ63E58Z363H,7,2020-08-03,1.0000,False,,1395.8900,1,19.4700,0.0000,0.0000,1415.3600,130.0400,1285.3200,134.1200,19.2800,1131.9200,122.3200,2.1667,0.0000,18.5615
2026-09,B026,B,NBFSPZ95T51Z177S,1,2014-11-27,1.0000,False,,2504.0700,3,74.5200,50.0000,0.0000,2628.5900,241.6100,2386.9800,436.9300,35.8000,1914.2500,227.1600,2.1667,0.0000,19.9471
2026-09,B027,B,LNSNPV87T12Z342X,3,2013-09-27,0.7500,False,,1486.3800,4,65.8500,90.0000,0.0000,1642.2300,150.9000,1491.3300,189.7400,22.3700,1279.2200,141.9200,2.1667,0.0000,31.3549
2026-09,B028,B,ZZPTMV81D06Z119Q,4,2020-07-05,1.0000,True,,1781.6800,2,41.3200,120.0000,0.0000,1943.0000,178.5600,1764.4400,263.4800,26.4700,1474.4900,167.9100,2.1667,0.0000,17.3882
2026-09,B029,B,PFZZTR85P64Z257Z,5,2012-03-23,0.5000,True,,829.0100,4,40.6000,0.0000,0.0000,869.6100,79.9500,789.6600,18.7100,11.8400,759.1100,75.1500,2.1667,1.0000,9.9254
2026-09,B030,B,TMLPGG86P17Z121J,7,2025-11-06,1.0000,False,,1395.8900,0,0.0000,0.0000,0.0000,1395.8900,128.2900,1267.6000,129.3400,19.0100,1119.2500,120.6300,2.1667,1.0000,12.5530
2026-09,B031,B,TSBZRS74C10Z345E,4,2013-09-10,0.5000,False,,873.3400,4,41.3200,25.0000,0.0000,939.6600,86.3900,853.2700,33.3400,12.8000,807.1300,81.2100,2.1667,0.0000,4.9210
2026-09,B032,B,CPSTSV96C64Z101A,4,2023-01-06,1.0000,False,,1781.6800,1,20.6600,0.0000,0.0000,1802.3400,165.6000,1636.7400,229.0000,24.5500,1383.1900,155.7600,2.1667,0.0000,23.3762
2026-09,B033,B,NCZZTC81D58Z295H,3,2004-10-20,1.0000,True,,1981.8400,7,153.6500,120.0000,0.0000,2255.4900,207.2300,2048.2600,340.1100,30.7200,1677.4300,171.2700,2.1667,2.0000,10.4630
2026-09,B034,B,RLCCVC69H56Z353N,4,2026-02-18,0.7500,False,,1336.2600,0,0.0000,150.0000,0.0000,1486.2600,136.5600,1349.7000,151.5000,20.2500,1177.9500,128.4400,2.1667,0.0000,13.4269
2026-09,B035,B,MLDFVN76C51Z212D,4,2022-09-18,0.5000,False,,890.8400,1,10.3300,100.0000,0.0000,1001.1700,91.9900,909.1800,46.1900,13.6400,849.3500,86.5200,2.1667,0.0000,26.6084
2026-09,B036,B,MGLZCL84L27Z236H,3,2021-07-07,0.7500,False,,1456.0300,1,16.4600,0.0000,0.0000,1472.4900,135.2800,1337.2100,148.1300,20.0600,1169.0200,127.2500,2.1667,0.0000,19.0219
2026-09,B037,B,GGRNSM71P61Z304E,7,2012-04-11,1.0000,True,,1395.8900,4,77.8800,0.0000,0.0000,1473.7700,135.4600,1338.3100,148.4300,20.0700,1169.8100,127.3600,2.1667,2.0000,7.9933
2026-09,B038,B,PFMLSL88H04Z130M,4,2022-11-28,0.7500,False,,1336.2600,1,15.5000,225.0000,0.0000,1576.7600,144.9300,1431.8300,173.6800,21.4800,1236.6700,136.2600,2.1667,1.0000,3.3338
2026-09,B039,B,ZNLBBV62E18Z212O,4,2011-03-11,1.0000,True,,1781.6800,5,103.3000,200.0000,0.0000,2084.9800,191.6100,1893.3700,298.2900,28.4000,1566.6800,180.1800,2.1667,2.0000,22.6967
2026-09,B040,B,CPTFPV79H01Z105O,4,2022-04-26,1.0000,False,,1781.6800,1,20.6600,120.0000,0.0000,1922.3400,176.6300,1745.7100,258.4300,26.1900,1461.0900,166.1300,2.1667,1.0000,13.9552
2026-09,B041,B,SRPDCB76M47Z238Z,2,2005-12-10,1.0000,False,,2233.6000,6,136.9800,300.0000,0.0000,2670.5800,245.4600,2425.1200,451.0400,36.3800,1937.7000,230.7900,2.1667,1.0000,10.3973
2026-09,B042,B,RNGNLZ97T57Z228L,5,2019-08-22,1.0000,True,,1658.0100,2,40.6000,120.0000,0.0000,1818.6100,167.1700,1651.4400,232.9700,24.7700,1393.7000,157.1600,2.1667,0.0000,21.2509
2026-09,B043,B,PZTMGF63M66Z397H,5,2018-05-27,1.0000,True,,1658.0100,2,40.6000,80.0000,0.0000,1778.6100,163.4900,1615.1200,223.1700,24.2300,1367.7200,153.7100,2.1667,0.0000,22.1302
2026-09,B044,B,RLNLSL66T64Z284O,2,2014-08-20,1.0000,True,,2186.2500,4,91.3200,300.0000,0.0000,2577.5700,236.9200,2340.6500,419.7900,35.1100,1885.7500,222.7500,2.1667,2.0000,4.8125
2026-09,B045,B,NFFMPZ73E28Z369F,6,2019-11-04,0.5000,True,,769.8500,2,19.7300,0.0000,0.0000,789.5800,72.6000,716.9800,1.9900,10.7500,704.2400,68.2400,2.1667,1.0000,14.7283
2026-09,B046,B,PRTPFD79T56Z382O,6,2002-09-22,1.0000,False,,1539.7000,7,138.1100,150.0000,0.0000,1827.8100,167.9900,1659.8200,235.2300,24.9000,1399.6900,157.9600,2.1667,1.0000,22.3351
2026-09,B047,B,ZDDGPT71C66Z282S,1,2023-08-24,1.0000,True,,2504.0700,0,0.0000,80.0000,0.0000,2584.0700,237.4700,2346.6000,421.9900,35.2000,1889.4100,223.3100,2.1667,2.0000,5.4359
2026-09,B048,B,GFPLPC65C62Z338Z,4,2004-07-21,0.5000,True,,890.8400,7,72.3100,0.0000,0.0000,963.1500,88.5000,874.6500,38.2500,13.1200,823.2800,83.2400,2.1667,0.0000,23.3140
2026-09,B049,B,LRZTTZ82C63Z231S,Quadri,2017-01-16,1.0000,True,,2723.4500,3,76.3800,0.0000,0.0000,2799.8300,257.3200,2542.5100,494.4800,38.1400,2009.8900,241.9600,2.1667,2.0000,11.6962
2026-09,B050,B,FFSNFL94D68Z181B,5,2026-02-14,1.0000,True,straordinari,1658.0100,0,0.0000,0.0000,513.8500,2171.8600,199.6100,1972.2500,319.5900,29.5800,1623.0800,143.2800,2.1667,2.0000,2.3796
2026-09,B051,B,PRNCFT89M28Z200Q,7,2019-12-07,1.0000,True,,1395.8900,2,38.9400,200.0000,0.0000,1634.8300,150.2600,1484.5700,187.9200,22.2700,1274.3800,141.2800,2.1667,2.0000,12.4824
2026-09,B052,B,BPDSSV01T46Z237C,5,2020-03-07,1.0000,True,,1626.3900,2,40.6000,150.0000,0.0000,1816.9900,166.9800,1650.0100,232.5900,24.7500,1392.6700,157.0200,2.1667,0.0000,19.0869
2026-09,B053,B,VDPFLN62M57Z293L,4,2024-05-27,0.5000,True,,890.8400,0,0.0000,0.0000,0.0000,890.8400,81.8800,808.9600,23.1400,12.1300,773.6900,76.9900,2.1667,1.0000,10.7864
2026-09,B054,B,ZPCZGG97H25Z119O,4,2020-11-03,1.0000,True,,1781.6800,1,20.6600,300.0000,0.0000,2102.3400,193.1700,1909.1700,302.5600,28.6400,1577.9700,181.6800,2.1667,0.0000,13.7102
2026-09,B055,B,RNPBDL95M59Z168H,5,2015-07-26,1.0000,True,,1658.0100,3,60.9000,200.0000,0.0000,1918.9100,176.3600,1742.5500,257.5700,26.1400,1458.8400,165.8300,2.1667,1.0000,11.2349
2026-09,B056,B,CTZLTD72P68Z257S,5,2023-08-21,1.0000,False,,1658.0100,1,20.3000,300.0000,0.0000,1978.3100,181.7800,1796.5300,272.1500,26.9500,1497.4300,170.9700,2.1667,0.0000,17.9253
2026-09,B057,B,NFRDNF91T48Z158N,6,2022-04-17,1.0000,True,,1539.7000,1,19.7300,0.0000,0.0000,1559.4300,143.2700,1416.1600,169.4500,21.2400,1225.4700,134.7700,2.1667,2.0000,13.3447
2026-09,B058,B,GFZPLG92P01Z321A,5,2026-04-13,1.0000,False,,1658.0100,0,0.0000,0.0000,0.0000,1658.0100,152.3700,1505.6400,193.6100,22.5800,1289.4500,143.2800,2.1667,0.0000,20.4780
2026-09,B059,B,RCPDNM84R28Z156P,3,2019-03-17,1.0000,False,,1981.8400,2,43.9000,50.0000,0.0000,2075.7400,190.7800,1884.9600,296.0200,28.2700,1560.6700,171.2700,2.1667,0.0000,4.8635
2026-09,B060,B,GLCGDB88L01Z211D,3,2014-04-02,0.7500,False,,1486.3800,4,65.8500,225.0000,0.0000,1777.2300,163.3100,1613.9200,222.8400,24.2100,1366.8700,153.5900,2.1667,1.0000,18.3417
2026-09,B061,B,ZPSBZF97B15Z346Q,4,2024-11-02,0.7500,True,,1336.2600,0,0.0000,150.0000,0.0000,1486.2600,136.5600,1349.7000,151.5000,20.2500,1177.9500,128.4400,2.1667,1.0000,15.6374
2026-09,B062,B,CTTPDP03B49Z364V,4,2023-01-10,1.0000,True,,1781.6800,1,20.6600,80.0000,0.0000,1882.3400,172.9600,1709.3800,248.6200,25.6400,1435.1200,162.6700,2.1667,2.0000,26.5988
2026-09,B063,B,MMPCNS65P52Z191K,4,2009-09-13,1.0000,True,,1781.6800,5,103.3000,0.0000,0.0000,1884.9800,173.2300,1711.7500,249.2600,25.6800,1436.8100,162.9000,2.1667,0.0000,15.7177
2026-09,B064,B,CBLCTV74P65Z166G,7,2016-07-09,1.0000,False,,1371.5800,3,58.4100,200.0000,0.0000,1629.9900,149.8000,1480.1900,186.7300,22.2000,1271.2600,140.8600,2.1667,0.0000,19.1392
2026-09,B065,B,PCDBZM95D27Z145M,5,2021-12-05,1.0000,False,,1658.0100,1,20.3000,200.0000,0.0000,1878.3100,172.5900,1705.7200,247.6300,25.5900,1432.5000,162.3200,2.1667,0.0000,7.2548
2026-09,B066,B,SGFCMF88S59Z255N,2,2017-09-12,1.0000,True,,2233.6000,2,45.6600,0.0000,0.0000,2279.2600,209.4400,2069.8200,345.9300,31.0500,1692.8400,196.9700,2.1667,0.0000,11.3108
2026-09,B067,B,RCFSNV98C10Z181V,4,2025-01-01,0.7500,True,,1336.2600,0,0.0000,150.0000,0.0000,1486.2600,136.5600,1349.7000,151.5000,20.2500,1177.9500,128.4400,2.1667,1.0000,6.4620
2026-09,B068,B,BNRGDM92B43Z102G,4,2015-01-20,1.0000,True,,1781.6800,3,61.9800,80.0000,0.0000,1923.6600,176.8200,1746.8400,258.7300,26.2000,1461.9100,166.2400,2.1667,0.0000,11.2509
2026-09,B069,B,GNTRMN76H55Z251B,4,1999-07-09,1.0000,False,,1781.6800,9,185.9400,80.0000,0.0000,2047.6200,188.2100,1859.4100,289.1200,27.8900,1542.4000,176.9500,2.1667,0.0000,15.1140
2026-09,B070,B,FZTSLD68R18Z151C,7,1996-04-07,1.0000,True,,1395.8900,10,194.7000,0.0000,0.0000,1590.5900,146.2100,1444.3800,177.0700,21.6700,1245.6400,137.4600,2.1667,1.0000,13.1073
2026-09,B071,B,MTGLZN83S58Z224Q,4,2014-04-20,0.5000,True,,890.8400,4,41.3200,150.0000,0.0000,1082.1600,99.4400,982.7200,63.1100,14.7400,904.8700,93.5200,2.1667,0.0000,19.3916
2026-09,B072,B,SNSBRG01D50Z118I,4,2021-07-22,1.0000,False,,1781.6800,1,20.6600,150.0000,0.0000,1952.3400,179.3900,1772.9500,265.7800,26.5900,1480.5800,168.7200,2.1667,0.0000,11.4909
2026-09,B073,B,GVSZRP97E67Z279G,4,2022-04-23,1.0000,False,,1781.6800,1,20.6600,300.0000,0.0000,2102.3400,193.1700,1909.1700,302.5600,28.6400,1577.9700,181.6800,2.1667,0.0000,21.7927
2026-09,B074,B,ZVFPRM86P48Z282E,4,2005-07-17,1.0000,False,,1781.6800,7,144.6200,120.0000,0.0000,2046.3000,188.0300,1858.2700,288.8200,27.8700,1541.5800,176.8400,2.1667,1.0000,8.2907
2026-09,B075,B,MPFLBP63B08Z143P,4,2008-03-16,1.0000,False,,1781.6800,6,123.9600,0.0000,0.0000,1905.6400,175.1600,1730.4800,254.3100,25.9600,1450.2100,164.6800,2.1667,0.0000,14.2393
2026-09,B076,B,MFLGBC87B55Z133K,4,2025-06-21,0.7500,False,,1336.2600,0,0.0000,0.0000,0.0000,1336.2600,122.7800,1213.4800,116.1800,18.2000,1079.1000,115.4800,2.1667,2.0000,2.4694
2026-09,B077,B,ZNLRDC91S14Z144S,5,2013-11-04,0.5000,True,variazione part-time,829.0100,4,40.6000,150.0000,0.0000,1019.6100,93.7400,925.8700,50.0300,13.8900,861.9500,88.1100,2.1667,0.0000,11.9704
2026-09,B078,B,MCNNBN91B58Z343Z,1,2023-03-03,1.0000,True,,2504.0700,1,24.8400,200.0000,0.0000,2728.9100,250.8000,2478.1100,470.6500,37.1700,1970.2900,235.8300,2.1667,1.0000,13.3629
2026-09,B079,B,MCLDBZ65L46Z172C,3,2022-11-03,1.0000,True,,1981.8400,1,21.9500,50.0000,0.0000,2053.7900,188.7600,1865.0300,290.6400,27.9800,1546.4100,177.4900,2.1667,1.0000,13.0325
2026-09,B080,B,SCRVRG78L26Z263Q,4,2000-12-08,0.7500,True,,1336.2600,8,123.9600,112.5000,0.0000,1572.7200,144.5600,1428.1600,172.6900,21.4200,1234.0500,135.9100,2.1667,0.0000,28.3439
2026-09,B081,B,PNGMTZ99E08Z233Y,4,2026-03-17,1.0000,True,,1781.6800,0,0.0000,80.0000,0.0000,1861.6800,171.1200,1690.5600,243.5300,25.3600,1421.6700,160.8900,2.1667,0.0000,24.7124
2026-09,B082,B,BFRRLT99M06Z262B,7,2023-09-10,1.0000,False,,1371.5800,0,0.0000,50.0000,0.0000,1421.5800,130.6800,1290.9000,135.6300,19.3600,1135.9100,122.8500,2.1667,0.0000,25.8060
2026-09,B083,B,LZZMVS69S11Z331I,4,2020-11-14,1.0000,True,,1781.6800,1,20.6600,0.0000,0.0000,1802.3400,165.6000,1636.7400,229.0000,24.5500,1383.1900,155.7600,2.1667,1.0000,21.1401
2026-09,B084,B,BLMNBR84A25Z111U,4,2014-07-24,1.0000,False,,1781.6800,4,82.6400,200.0000,0.0000,2064.3200,189.6800,1874.6400,293.2400,28.1200,1553.2800,178.4000,2.1667,0.0000,15.8011
2026-09,B085,B,BFFBCF96A44Z190B,4,2020-07-09,0.5000,True,,890.8400,2,20.6600,40.0000,0.0000,951.5000,87.4900,864.0100,35.8100,12.9600,815.2400,82.2300,2.1667,0.0000,12.8227
2026-09,B086,B,GDCZMF01P55Z159P,4,2020-11-20,1.0000,True,,1781.6800,1,20.6600,0.0000,0.0000,1802.3400,165.6000,1636.7400,229.0000,24.5500,1383.1900,155.7600,2.1667,0.0000,14.0232
2026-09,B087,B,VVZGML68B59Z385J,4,2019-01-05,0.7500,True,,1336.2600,2,30.9900,0.0000,0.0000,1367.2500,129.7300,1237.5200,121.7100,18.5600,1097.2500,118.1600,2.1667,0.0000,20.1701
2026-09,B088,B,RMTBCN74A14Z393D,4,2014-03-09,0.5000,True,,890.8400,4,41.3200,0.0000,0.0000,932.1600,85.6500,846.5100,31.7800,12.7000,802.0300,80.5600,2.1667,1.0000,12.2684
2026-09,B089,B,FGTNPR02S45Z177R,5,2021-05-25,0.7500,True,,1243.5100,1,15.2300,112.5000,0.0000,1371.2400,125.9900,1245.2500,123.4900,18.6800,1103.0800,118.5000,2.1667,1.0000,20.5760
2026-09,B090,B,ZBLRSC80A44Z241W,2,2005-08-13,1.0000,True,,2233.6000,7,159.8100,0.0000,1059.8300,3453.2400,317.3300,3135.9100,714.0400,47.0400,2374.8300,206.8400,2.1667,0.0000,8.0887
2026-09,B091,B,NPLVVZ78B50Z170D,5,2023-08-25,1.0000,True,,1658.0100,1,20.3000,50.0000,0.0000,1728.3100,158.8000,1569.5100,210.8500,23.5400,1335.1200,149.3600,2.1667,1.0000,15.6744
2026-09,B092,B,VDLNCS78S44Z169Z,5,2009-05-19,1.0000,True,,1658.0100,5,101.5000,50.0000,0.0000,1809.5100,166.3400,1643.1700,230.7400,24.6500,1387.7800,156.3800,2.1667,1.0000,30.8123
2026-09,C093,C,GDGNMV96A58Z152Q,3,2020-04-24,1.0000,True,,1981.8400,2,43.9000,0.0000,0.0000,2025.7400,186.1900,1839.5500,283.7600,27.5900,1628.2000,175.0600,2.1667,0.0000,22.4299
2026-09,C094,C,CGVMCF88B56Z203X,3,2017-08-04,0.5000,False,,990.9200,3,32.9300,0.0000,0.0000,1023.8500,94.1100,929.7400,50.9200,13.9500,864.8700,88.4800,2.1667,0.0000,16.4023
2026-09,C095,C,SLPTRF82D41Z121N,3,2021-06-04,0.5000,True,,990.9200,1,10.9800,75.0000,0.0000,1076.9000,98.9800,977.9200,62.0000,14.6700,901.2500,93.0700,2.1667,0.0000,6.6042
2026-09,C096,C,FPGPSP93S16Z276H,4,2017-08-16,1.0000,False,,1781.6800,3,61.9800,120.0000,0.0000,1963.6600,180.4900,1783.1700,268.5400,26.7500,1487.8800,169.7000,2.1667,1.0000,7.7279
2026-09,C097,C,NDZSNM67S21Z161H,6,1996-07-15,1.0000,False,,1539.7000,10,197.3000,0.0000,0.0000,1737.0000,159.6300,1577.3700,212.9700,23.6600,1340.7400,150.1100,2.1667,0.0000,18.5937
2026-09,C098,C,NSBCBT84B09Z370N,3,2006-04-14,1.0000,True,,1981.8400,6,131.7000,50.0000,0.0000,2163.5400,205.3600,1958.1800,315.7900,29.3700,1613.0200,186.9700,2.1667,0.0000,22.2572
2026-09,C099,C,GMZMPM03C67Z202O,4,2023-12-20,1.0000,True,,1781.6800,0,0.0000,150.0000,931.0800,2862.7600,263.1100,2599.6500,515.6200,38.9900,2045.0400,166.9400,2.1667,2.0000,12.5839
2026-09,C100,C,GVLTFT85D60Z269E,5,2021-12-20,0.7500,True,,1243.5100,1,15.2300,150.0000,0.0000,1408.7400,129.4900,1279.2500,132.4800,19.1900,1127.5800,121.7400,2.1667,2.0000,10.1555
2026-09,C101,C,RMNZNB79C03Z240D,5,2012-03-08,1.0000,False,,1658.0100,4,81.2000,80.0000,0.0000,1819.2100,167.1700,1652.0400,233.1300,24.7800,1394.1300,143.2800,2.1667,0.0000,18.4391
2026-09,C102,C,TVCVMP80T03Z361Q,5,2019-01-09,0.7500,True,,1243.5100,2,30.4500,90.0000,0.0000,1363.9600,125.3500,1238.6100,121.9600,18.5800,1098.0700,117.8700,2.1667,0.0000,15.0603
2026-09,C103,C,LVRLFG67B63Z238U,2,2020-08-08,0.7500,True,,1675.2000,2,34.2500,37.5000,0.0000,1746.9500,160.5500,1586.4000,215.4100,23.8000,1347.1900,150.9700,2.1667,1.0000,19.7265
2026-09,C104,C,VPDGVG72R49Z303P,7,2025-05-15,0.7500,True,,1046.9200,0,0.0000,0.0000,0.0000,1046.9200,96.2200,950.7000,55.7400,14.2600,880.7000,90.4700,2.1667,2.0000,15.0985
2026-09,C105,C,BCBBTB67R52Z260R,Quadri,2020-09-23,1.0000,True,,2723.4500,1,25.4600,300.0000,0.0000,3048.9100,280.2000,2768.7100,578.1700,41.5300,2149.0100,263.4900,2.1667,1.0000,23.1446
2026-09,C106,C,NFFBLN93A65Z116L,4,2012-10-04,1.0000,True,,1781.6800,4,82.6400,0.0000,0.0000,1864.3200,171.3000,1693.0200,244.2000,25.4000,1423.4200,161.1100,2.1667,2.0000,23.5410
2026-09,C107,C,ZCCGMF94M55Z282A,5,2024-09-23,0.7500,True,,1243.5100,0,0.0000,112.5000,0.0000,1356.0100,124.6200,1231.3900,120.3000,18.4700,1092.6200,117.1900,2.1667,1.0000,6.3025
2026-09,C108,C,BBGDMF63D57Z326I,6,2010-01-02,1.0000,False,,1539.7000,5,98.6500,50.0000,0.0000,1688.3500,155.1300,1533.2200,201.0500,23.0000,1309.1700,145.9100,2.1667,0.0000,17.4940
2026-09,C109,C,CDMNBP93B11Z147V,5,2026-06-06,1.0000,False,,1658.0100,0,0.0000,0.0000,0.0000,1658.0100,152.3700,1505.6400,193.6100,22.5800,1289.4500,143.2800,2.1667,0.0000,4.4542
2026-09,C110,C,FRZPCT90M01Z197A,5,2019-08-20,1.0000,True,straordinari,1658.0100,2,40.6000,0.0000,494.2100,2192.8200,201.5400,1991.2800,324.7300,29.8700,1636.6800,146.7900,2.1667,0.0000,19.1530
2026-09,C111,C,DZRZRR70M62Z154T,3,2001-09-14,1.0000,False,,1981.8400,8,175.6000,0.0000,0.0000,2157.4400,198.2300,1959.2100,316.0700,29.3900,1613.7500,186.4500,2.1667,0.0000,21.8881
2026-09,C112,C,MMFZLC63S13Z302T,3,2025-06-11,0.5000,True,,990.9200,0,0.0000,0.0000,0.0000,990.9200,91.0700,899.8500,44.0500,13.5000,842.3000,85.6400,2.1667,1.0000,7.1687
2026-09,C113,C,DGCNSS95C27Z182T,3,2019-10-15,1.0000,True,,1981.8400,2,43.9000,0.0000,0.0000,2025.7400,186.1900,1839.5500,283.7600,27.5900,1528.2000,175.0600,2.1667,2.0000,15.6067
2026-09,C114,C,BPTTDT88L66Z258Y,3,2011-09-26,1.0000,True,,1981.8400,4,87.8000,0.0000,0.0000,2069.6400,190.2300,1879.4100,294.5200,28.1900,1556.7000,178.8600,2.1667,0.0000,22.7115
2026-09,C115,C,VSVRST80C53Z286T,7,2004-09-08,1.0000,True,,1395.8900,7,136.2900,0.0000,0.0000,1532.1800,140.7900,1391.3900,162.7600,20.8700,1207.7600,132.4100,2.1667,0.0000,12.2276
2026-09,C116,C,PBZCFF03B58Z173K,3,2020-08-01,1.0000,True,,1981.8400,2,43.9000,200.0000,0.0000,2225.7400,204.5700,2021.1700,332.8000,30.3200,1658.0500,192.3500,2.1667,2.0000,19.5666
2026-09,C117,C,NMTBSP99H64Z168E,7,2024-12-07,1.0000,True,,1395.8900,0,0.0000,0.0000,0.0000,1395.8900,128.2900,1267.6000,129.3400,19.0100,1119.2500,120.6300,2.1667,0.0000,25.8256
2026-09,C118,C,NBBDDF87S04Z378L,4,2011-02-07,1.0000,True,,1781.6800,5,103.3000,0.0000,0.0000,1884.9800,173.2300,1711.7500,249.2600,25.6800,1436.8100,162.9000,2.1667,2.0000,9.2350
2026-09,C119,C,ZLZLBC99L20Z203O,3,2023-04-09,1.0000,False,,1981.8400,1,21.9500,150.0000,0.0000,2153.7900,197.9500,1955.8400,315.1600,29.3400,1611.3400,186.1300,2.1667,0.0000,31.1936
2026-09,B200,B,RSZZLG01B11Z306E,5,2026-09-01,1.0000,True,assunzione,1658.0100,0,0.0000,0.0000,0.0000,1658.0100,152.3700,1505.6400,193.6100,22.5800,1289.4500,143.2800,2.1667,0.0000,2.1667
2026-09,B201,B,VCPBTN01C51Z279J,5,2026-09-01,1.0000,True,assunzione,1658.0100,0,0.0000,0.0000,0.0000,1658.0100,152.3700,1505.6400,193.6100,22.5800,1289.4500,143.2800,2.1667,0.0000,2.1667
2026-09,B202,B,MNPCND01D11Z243G,5,2026-09-01,1.0000,True,assunzione,1658.0100,0,0.0000,0.0000,0.0000,1658.0100,152.3700,1505.6400,193.6100,22.5800,1289.4500,143.2800,2.1667,0.0000,2.1667
