matricola,cliente,codice_fiscale,sesso,livello,data_assunzione,part_time,superminimo,superminimo_assorbibile
A001,A,VRPZTV94P61Z351F,F,6,2026-02-08,1.0,150.0,False
A002,A,SLFMGL77A20Z282P,M,5,1998-02-10,1.0,200.0,False
A003,A,DSTTRG94S03Z112R,M,4,2024-06-03,1.0,200.0,False
A004,A,VVZRNM91L43Z368P,F,4,2022-10-18,1.0,300.0,True
A005,A,SCTRMN92P57Z172F,F,5,2011-10-08,0.75,225.0,True
A006,A,GPMSGP69S63Z356P,F,5,2024-11-16,0.5,150.0,True
A007,A,VPNLFG87L07Z348V,M,1,2020-08-03,1.0,200.0,True
A008,A,NTTVPG93L18Z331K,M,3,2022-01-27,1.0,0.0,False
A009,A,TZMDNB89T56Z147H,F,6,2010-11-09,1.0,50.0,True
A010,A,SVSLDB67R26Z260S,M,4,2007-04-04,0.75,60.0,True
A011,A,GCMSDD93T24Z256G,M,4,2014-09-08,1.0,300.0,True
A012,A,BZLSLV71P66Z113R,F,7,2007-07-01,1.0,0.0,True
A013,A,RPFMRL81M51Z334Y,F,4,2003-08-15,0.75,0.0,True
A014,A,ZBNZVS66P13Z196W,M,6,1997-04-21,1.0,300.0,True
A015,A,GMPMZC63C21Z296Q,M,3,2008-09-05,0.75,112.5,True
A016,A,NCPVPV78M56Z240M,F,4,2017-08-25,1.0,200.0,False
A017,A,BLZDLP76A03Z393F,M,4,2024-11-11,0.75,0.0,False
A018,A,SPDCVG01T49Z149N,F,3,2024-10-24,1.0,80.0,False
B019,B,GLDGGC65H64Z107U,F,2,2006-11-21,1.0,0.0,True
B020,B,CSPRZL78L01Z261M,M,1,1998-02-08,1.0,0.0,False
B021,B,SCSLZP03T20Z228R,M,4,2022-07-11,1.0,150.0,True
B022,B,GVMLRB84A24Z377J,M,3,2025-07-01,1.0,0.0,False
B023,B,RSSGBM65T44Z396D,F,2,2005-10-04,1.0,120.0,True
B024,B,STPSPM86D65Z230W,F,5,2018-11-08,1.0,0.0,False
B025,B,ZDPBSZ63E58Z363H,F,7,2020-08-03,1.0,0.0,False
B026,B,NBFSPZ95T51Z177S,F,1,2014-11-27,1.0,50.0,False
B027,B,LNSNPV87T12Z342X,M,3,2013-09-27,0.75,90.0,False
B028,B,ZZPTMV81D06Z119Q,M,4,2020-07-05,1.0,120.0,True
B029,B,PFZZTR85P64Z257Z,F,5,2012-03-23,0.5,0.0,True
B030,B,TMLPGG86P17Z121J,M,7,2025-11-06,1.0,0.0,False
B031,B,TSBZRS74C10Z345E,M,4,2013-09-10,0.5,25.0,False
B032,B,CPSTSV96C64Z101A,F,4,2023-01-06,1.0,0.0,False
B033,B,NCZZTC81D58Z295H,F,3,2004-10-20,1.0,120.0,True
B034,B,RLCCVC69H56Z353N,F,4,2026-02-18,0.75,150.0,False
B035,B,MLDFVN76C51Z212D,F,4,2022-09-18,0.5,100.0,False
B036,B,MGLZCL84L27Z236H,M,3,2021-07-07,0.75,0.0,False
B037,B,GGRNSM71P61Z304E,F,7,2012-04-11,1.0,0.0,True
B038,B,PFMLSL88H04Z130M,M,4,2022-11-28,0.75,225.0,False
B039,B,ZNLBBV62E18Z212O,M,4,2011-03-11,1.0,200.0,True
B040,B,CPTFPV79H01Z105O,M,4,2022-04-26,1.0,120.0,False
B041,B,SRPDCB76M47Z238Z,F,2,2005-12-10,1.0,300.0,False
B042,B,RNGNLZ97T57Z228L,F,5,2019-08-22,1.0,120.0,True
B043,B,PZTMGF63M66Z397H,F,5,2018-05-27,1.0,80.0,True
B044,B,RLNLSL66T64Z284O,F,2,2014-08-20,1.0,300.0,True
B045,B,NFFMPZ73E28Z369F,M,6,2019-11-04,0.5,0.0,True
B046,B,PRTPFD79T56Z382O,F,6,2002-09-22,1.0,150.0,False
B047,B,ZDDGPT71C66Z282S,F,1,2023-08-24,1.0,80.0,True
B048,B,GFPLPC65C62Z338Z,F,4,2004-07-21,0.5,0.0,True
B049,B,LRZTTZ82C63Z231S,F,Quadri,2017-01-16,1.0,0.0,True
B050,B,FFSNFL94D68Z181B,F,5,2026-02-14,1.0,0.0,True
B051,B,PRNCFT89M28Z200Q,M,7,2019-12-07,1.0,200.0,True
B052,B,BPDSSV01T46Z237C,F,5,2020-03-07,1.0,150.0,True
B053,B,VDPFLN62M57Z293L,F,4,2024-05-27,0.5,0.0,True
B054,B,ZPCZGG97H25Z119O,M,4,2020-11-03,1.0,300.0,True
B055,B,RNPBDL95M59Z168H,F,5,2015-07-26,1.0,200.0,True
B056,B,CTZLTD72P68Z257S,F,5,2023-08-21,1.0,300.0,False
B057,B,NFRDNF91T48Z158N,F,6,2022-04-17,1.0,0.0,True
B058,B,GFZPLG92P01Z321Y,M,5,2026-04-13,1.0,0.0,False
B059,B,RCPDNM84R28Z156P,M,3,2019-03-17,1.0,50.0,False
B060,B,GLCGDB88L01Z211D,M,3,2014-04-02,0.75,225.0,False
B061,B,ZPSBZF97B15Z346Q,M,4,2024-11-02,0.75,150.0,True
B062,B,CTTPDP03B49Z364V,F,4,2023-01-10,1.0,80.0,True
B063,B,MMPCNS65P52Z191K,F,4,2009-09-13,1.0,0.0,True
B064,B,CBLCTV74P65Z166G,F,7,2016-07-09,1.0,200.0,False
B065,B,PCDBZM95D27Z145M,M,5,2021-12-05,1.0,200.0,False
B066,B,SGFCMF88S59Z255N,F,2,2017-09-12,1.0,0.0,True
B067,B,RCFSNV98C10Z181V,M,4,2025-01-01,0.75,150.0,True
B068,B,BNRGDM92B43Z102G,F,4,2015-01-20,1.0,80.0,True
B069,B,GNTRMN76H55Z251B,F,4,1999-07-09,1.0,80.0,False
B070,B,FZTSLD68R18Z151C,M,7,1996-04-07,1.0,150.0,True
B071,B,MTGLZN83S58Z224Q,F,4,2014-04-20,0.5,150.0,True
B072,B,SNSBRG01D50Z118I,F,4,2021-07-22,1.0,150.0,False
B073,B,GVSZRP97E67Z279G,F,4,2022-04-23,1.0,300.0,False
B074,B,ZVFPRM86P48Z282E,F,4,2005-07-17,1.0,120.0,False
B075,B,MPFLBP63B08Z143P,M,4,2008-03-16,1.0,0.0,False
B076,B,MFLGBC87B55Z133K,F,4,2025-06-21,0.75,0.0,False
B077,B,ZNLRDC91S14Z144S,M,5,2013-11-04,1.0,300.0,True
B078,B,MCNNBN91B58Z343Z,F,1,2023-03-03,1.0,200.0,True
B079,B,MCLDBZ65L46Z172C,F,3,2022-11-03,1.0,50.0,True
B080,B,SCRVRG78L26Z263Q,M,4,2000-12-08,0.75,112.5,True
B081,B,PNGMTZ99E08Z233Y,M,4,2026-03-17,1.0,80.0,True
B082,B,BFRRLT99M06Z262B,M,7,2023-09-10,1.0,50.0,False
B083,B,LZZMVS69S11Z331I,M,4,2020-11-14,1.0,0.0,True
B084,B,BLMNBR84A25Z111U,M,4,2014-07-24,1.0,200.0,False
B085,B,BFFBCF96A44Z190B,F,4,2020-07-09,0.5,40.0,True
B086,B,GDCZMF01P55Z159P,F,4,2020-11-20,1.0,0.0,True
B087,B,VVZGML68B59Z385J,F,4,2019-01-05,0.75,0.0,True
B088,B,RMTBCN74A14Z393D,M,4,2014-03-09,0.5,0.0,True
B089,B,FGTNPR02S45Z177R,F,5,2021-05-25,0.75,112.5,True
B090,B,ZBLRSC80A44Z241W,F,2,2005-08-13,1.0,0.0,True
B091,B,NPLVVZ78B50Z170D,F,5,2023-08-25,1.0,50.0,True
B092,B,VDLNCS78S44Z169Z,F,5,2009-05-19,1.0,50.0,True
C093,C,GDGNMV96A58Z152Q,F,3,2020-04-24,1.0,0.0,True
C094,C,CGVMCF88B56Z203X,F,3,2017-08-04,0.5,0.0,False
C095,C,SLPTRF82D41Z121N,F,3,2021-06-04,0.5,75.0,True
C096,C,FPGPSP93S16Z276H,M,4,2017-08-16,1.0,120.0,False
C097,C,NDZSNM67S21Z161H,M,6,1996-07-15,1.0,0.0,False
C098,C,NSBCBT84B09Z370N,M,3,2006-04-14,1.0,50.0,True
C099,C,GMZMPM03C67Z202O,F,4,2023-12-20,1.0,150.0,True
C100,C,GVLTFT85D60Z269E,F,4,2021-12-20,0.75,150.0,True
C101,C,RMNZNB79C03Z240D,M,5,2012-03-08,1.0,80.0,False
C102,C,TVCVMP80T03Z361Q,M,5,2019-01-09,0.75,90.0,True
C103,C,LVRLFG67B63Z238U,F,2,2020-08-08,0.75,37.5,True
C104,C,VPDGVG72R49Z303P,F,7,2025-05-15,0.75,0.0,True
C105,C,BCBBTB67R52Z260R,F,Quadri,2020-09-23,1.0,300.0,True
C106,C,NFFBLN93A65Z116L,F,4,2012-10-04,1.0,0.0,True
C107,C,ZCCGMF94M55Z282H,F,5,2024-09-23,0.75,112.5,True
C108,C,BBGDMF63D57Z326I,F,6,2010-01-02,1.0,50.0,False
C109,C,CDMNBP93B11Z147V,M,5,2026-06-06,1.0,0.0,False
C110,C,FRZPCT90M01Z197A,M,5,2019-08-20,1.0,0.0,True
C111,C,DZRZRR70M62Z154T,F,3,2001-09-14,1.0,0.0,False
C112,C,MMFZLC63S13Z302T,M,3,2025-06-11,0.5,0.0,True
C113,C,DGCNSS95C27Z182T,M,3,2019-10-15,1.0,0.0,True
C114,C,BPTTDT88L66Z258Y,F,3,2011-09-26,1.0,0.0,True
C115,C,VSVRST80C53Z286T,F,7,2004-09-08,1.0,0.0,True
C116,C,PBZCFF03B58Z173K,F,3,2020-08-01,1.0,200.0,True
C117,C,NMTBSP99H64Z168E,F,7,2024-12-07,1.0,0.0,True
C118,C,NBBDDF87S04Z378L,M,4,2011-02-07,1.0,0.0,True
C119,C,ZLZLBC99L20Z203O,M,3,2023-04-09,1.0,150.0,False
